Home,Away,Score,HomeRec,AwayRec
Burnley,Manchester City,0–3,0-0-0,0-0-0
Arsenal,Nott'ham Forest,2–1,0-0-0,0-0-0
Everton,Fulham,0–1,0-0-0,0-0-0
Sheffield Utd,Crystal Palace,0–1,0-0-0,0-0-0
Brighton,Luton Town,4–1,0-0-0,0-0-0
Bournemouth,West Ham,1–1,0-0-0,0-0-0
Newcastle Utd,Aston Villa,5–1,0-0-0,0-0-0
Brentford,Tottenham,2–2,0-0-0,0-0-0
Chelsea,Liverpool,1–1,0-0-0,0-0-0
Manchester Utd,Wolves,1–0,0-0-0,0-0-0
Nott'ham Forest,Sheffield Utd,2–1,0-0-1,0-0-1
Fulham,Brentford,0–3,1-0-0,0-1-0
Liverpool,Bournemouth,3–1,0-1-0,0-1-0
Wolves,Brighton,1–4,0-0-1,1-0-0
Tottenham,Manchester Utd,2–0,0-1-0,1-0-0
Manchester City,Newcastle Utd,1–0,1-0-0,1-0-0
Aston Villa,Everton,4–0,0-0-1,0-0-1
West Ham,Chelsea,3–1,0-1-0,0-1-0
Crystal Palace,Arsenal,0–1,1-0-0,1-0-0
Chelsea,Luton Town,3–0,0-1-1,0-0-1
Bournemouth,Tottenham,0–2,0-1-1,1-1-0
Everton,Wolves,0–1,0-0-2,0-0-2
Brentford,Crystal Palace,1–1,1-1-0,1-0-1
Manchester Utd,Nott'ham Forest,3–2,1-0-1,1-0-1
Arsenal,Fulham,2–2,2-0-0,1-0-1
Brighton,West Ham,1–3,2-0-0,1-1-0
Sheffield Utd,Manchester City,1–2,0-0-2,2-0-0
Burnley,Aston Villa,1–3,0-0-1,1-0-1
Newcastle Utd,Liverpool,1–2,1-0-1,1-1-0
Luton Town,West Ham,1–2,0-0-2,2-1-0
Sheffield Utd,Everton,2–2,0-0-3,0-0-3
Chelsea,Nott'ham Forest,0–1,1-1-1,1-0-2
Manchester City,Fulham,5–1,3-0-0,1-1-1
Brentford,Bournemouth,2–2,1-2-0,0-1-2
Burnley,Tottenham,2–5,0-0-2,2-1-0
Brighton,Newcastle Utd,3–1,2-0-1,1-0-2
Liverpool,Aston Villa,3–0,2-1-0,2-0-1
Crystal Palace,Wolves,3–2,1-1-1,1-0-2
Arsenal,Manchester Utd,3–1,2-1-0,2-0-1
Wolves,Liverpool,1–3,1-0-3,3-1-0
Fulham,Luton Town,1–0,1-1-2,0-0-3
West Ham,Manchester City,1–3,3-1-0,4-0-0
Aston Villa,Crystal Palace,3–1,2-0-2,2-1-1
Manchester Utd,Brighton,1–3,2-0-2,3-0-1
Tottenham,Sheffield Utd,2–1,3-1-0,0-1-3
Newcastle Utd,Brentford,1–0,1-0-3,1-3-0
Bournemouth,Chelsea,0–0,0-2-2,1-1-2
Everton,Arsenal,0–1,0-1-3,3-1-0
Nott'ham Forest,Burnley,1–1,2-0-2,0-0-3
Manchester City,Nott'ham Forest,2–0,5-0-0,2-1-2
Luton Town,Wolves,1–1,0-0-4,1-0-4
Crystal Palace,Fulham,0–0,2-1-2,2-1-2
Brentford,Everton,1–3,1-3-1,0-1-4
Burnley,Manchester Utd,0–1,0-1-3,2-0-3
Arsenal,Tottenham,2–2,4-1-0,4-1-0
Brighton,Bournemouth,3–1,4-0-1,0-3-2
Chelsea,Aston Villa,0–1,1-2-2,3-0-2
Liverpool,West Ham,3–1,4-1-0,3-1-1
Sheffield Utd,Newcastle Utd,0–8,0-1-4,2-0-3
Aston Villa,Brighton,6–1,4-0-2,5-0-1
Wolves,Manchester City,2–1,1-1-4,6-0-0
Bournemouth,Arsenal,0–4,0-3-3,4-2-0
Everton,Luton Town,1–2,1-1-4,0-1-4
Newcastle Utd,Burnley,2–0,3-0-3,0-1-4
West Ham,Sheffield Utd,2–0,3-1-2,0-1-5
Manchester Utd,Crystal Palace,0–1,3-0-3,2-2-2
Tottenham,Liverpool,2–1,4-2-0,5-1-0
Nott'ham Forest,Brentford,1–1,2-1-3,1-3-2
Fulham,Chelsea,0–2,2-2-2,1-2-3
Luton Town,Burnley,1–2,1-1-4,0-1-5
Luton Town,Tottenham,0–1,1-1-5,5-2-0
Everton,Bournemouth,3–0,1-1-5,0-3-4
Manchester Utd,Brentford,2–1,3-0-4,1-4-2
Burnley,Chelsea,1–4,1-1-5,2-2-3
Fulham,Sheffield Utd,3–1,2-2-3,0-1-6
Crystal Palace,Nott'ham Forest,0–0,3-2-2,2-2-3
West Ham,Newcastle Utd,2–2,4-1-2,4-0-3
Wolves,Aston Villa,1–1,2-1-4,5-0-2
Brighton,Liverpool,2–2,5-0-2,5-1-1
Arsenal,Manchester City,1–0,5-2-0,6-0-1
Liverpool,Everton,2–0,5-2-1,2-1-5
Bournemouth,Wolves,1–2,0-3-5,2-2-4
Newcastle Utd,Crystal Palace,4–0,4-1-3,3-3-2
Brentford,Burnley,3–0,1-4-3,1-1-6
Manchester City,Brighton,2–1,6-0-2,5-1-2
Nott'ham Forest,Luton Town,2–2,2-3-3,1-1-6
Chelsea,Arsenal,2–2,3-2-3,6-2-0
Sheffield Utd,Manchester Utd,1–2,0-1-7,4-0-4
Aston Villa,West Ham,4–1,5-1-2,4-2-2
Tottenham,Fulham,2–0,6-2-0,3-2-3
Crystal Palace,Tottenham,1–2,3-3-3,7-2-0
Chelsea,Brentford,0–2,3-3-3,2-4-3
Bournemouth,Burnley,2–1,0-3-6,1-1-7
Arsenal,Sheffield Utd,5–0,6-3-0,0-1-8
Wolves,Newcastle Utd,2–2,3-2-4,5-1-3
West Ham,Everton,0–1,4-2-3,2-1-6
Liverpool,Nott'ham Forest,3–0,6-2-1,2-4-3
Brighton,Fulham,1–1,5-1-3,3-2-4
Aston Villa,Luton Town,3–1,6-1-2,1-2-6
Manchester Utd,Manchester City,0–3,5-0-4,7-0-2
Fulham,Manchester Utd,0–1,3-3-4,5-0-5
Brentford,West Ham,3–2,3-4-3,4-2-4
Everton,Brighton,1–1,3-1-6,5-2-3
Burnley,Crystal Palace,0–2,1-1-8,3-3-4
Manchester City,Bournemouth,6–1,8-0-2,1-3-6
Sheffield Utd,Wolves,2–1,0-1-9,3-3-4
Newcastle Utd,Arsenal,1–0,5-2-3,7-3-0
Nott'ham Forest,Aston Villa,2–0,2-4-4,7-1-2
Luton Town,Liverpool,1–1,1-2-7,7-2-1
Tottenham,Chelsea,1–4,8-2-0,3-3-4
Wolves,Tottenham,2–1,3-3-5,8-2-1
Arsenal,Burnley,3–1,7-3-1,1-1-9
Manchester Utd,Luton Town,1–0,6-0-5,1-3-7
Crystal Palace,Everton,2–3,4-3-4,3-2-6
Bournemouth,Newcastle Utd,2–0,1-3-7,6-2-3
West Ham,Nott'ham Forest,3–2,4-2-5,3-4-4
Liverpool,Brentford,3–0,7-3-1,4-4-3
Aston Villa,Fulham,3–1,7-1-3,3-3-5
Brighton,Sheffield Utd,1–1,5-3-3,1-1-9
Chelsea,Manchester City,4–4,4-3-4,9-0-2
Manchester City,Liverpool,1–1,9-1-2,8-3-1
Burnley,West Ham,1–2,1-1-10,5-2-5
Nott'ham Forest,Brighton,2–3,3-4-5,5-4-3
Sheffield Utd,Bournemouth,1–3,1-2-9,2-3-7
Newcastle Utd,Chelsea,4–1,6-2-4,4-4-4
Luton Town,Crystal Palace,2–1,1-3-8,4-3-5
Brentford,Arsenal,0–1,4-4-4,8-3-1
Tottenham,Aston Villa,1–2,8-2-2,8-1-3
Everton,Manchester Utd,0–3,4-2-6,7-0-5
Fulham,Wolves,3–2,3-3-6,4-3-5
Brentford,Luton Town,3–1,4-4-5,2-3-8
Arsenal,Wolves,2–1,9-3-1,4-3-6
Burnley,Sheffield Utd,5–0,1-1-11,1-2-10
Nott'ham Forest,Everton,0–1,3-4-6,4-2-7
Newcastle Utd,Manchester Utd,1–0,7-2-4,8-0-5
Bournemouth,Aston Villa,2–2,3-3-7,9-1-3
Liverpool,Fulham,4–3,8-4-1,4-3-6
Chelsea,Brighton,3–2,4-4-5,6-4-3
West Ham,Crystal Palace,1–1,6-2-5,4-3-6
Manchester City,Tottenham,3–3,9-2-2,8-2-3
Wolves,Burnley,1–0,4-3-7,2-1-11
Luton Town,Arsenal,3–4,2-3-9,10-3-1
Sheffield Utd,Liverpool,0–2,1-2-11,9-4-1
Crystal Palace,Bournemouth,0–2,4-4-6,3-4-7
Brighton,Brentford,2–1,6-4-4,5-4-5
Fulham,Nott'ham Forest,5–0,4-3-7,3-4-7
Aston Villa,Manchester City,1–0,9-2-3,9-3-2
Manchester Utd,Chelsea,2–1,8-0-6,5-4-5
Everton,Newcastle Utd,3–0,5-2-7,8-2-4
Tottenham,West Ham,1–2,8-3-3,6-3-5
Crystal Palace,Liverpool,1–2,4-4-7,10-4-1
Manchester Utd,Bournemouth,0–3,9-0-6,4-4-7
Wolves,Nott'ham Forest,1–1,5-3-7,3-4-8
Brighton,Burnley,1–1,7-4-4,2-1-12
Sheffield Utd,Brentford,1–0,1-2-12,5-4-6
Aston Villa,Arsenal,1–0,10-2-3,11-3-1
Everton,Chelsea,2–0,6-2-7,5-4-6
Fulham,West Ham,5–0,5-3-7,7-3-5
Luton Town,Manchester City,1–2,2-3-10,9-3-3
Tottenham,Newcastle Utd,4–1,8-3-4,8-2-5
Nott'ham Forest,Tottenham,0–2,3-5-8,9-3-4
Manchester City,Crystal Palace,2–2,10-3-3,4-4-8
Chelsea,Sheffield Utd,2–0,5-4-7,2-2-12
Newcastle Utd,Fulham,3–0,8-2-6,6-3-7
Burnley,Everton,0–2,2-2-12,7-2-7
Brentford,Aston Villa,1–2,5-4-7,11-2-3
West Ham,Wolves,3–0,7-3-6,5-4-7
Arsenal,Brighton,2–0,11-3-2,7-5-4
Liverpool,Manchester Utd,0–0,11-4-1,9-0-7
Crystal Palace,Brighton,1–1,4-5-8,7-5-5
Aston Villa,Sheffield Utd,1–1,12-2-3,2-2-13
West Ham,Manchester Utd,2–0,8-3-6,9-1-7
Luton Town,Newcastle Utd,1–0,2-3-11,9-2-6
Fulham,Burnley,0–2,6-3-8,2-2-13
Tottenham,Everton,2–1,10-3-4,8-2-7
Nott'ham Forest,Bournemouth,2–3,3-5-9,5-4-7
Liverpool,Arsenal,1–1,11-5-1,12-3-2
Wolves,Chelsea,2–1,5-4-8,6-4-7
Newcastle Utd,Nott'ham Forest,1–3,9-2-7,3-5-10
Bournemouth,Fulham,3–0,6-4-7,6-3-9
Sheffield Utd,Luton Town,2–3,2-3-13,3-3-11
Burnley,Liverpool,0–2,3-2-13,11-6-1
Manchester Utd,Aston Villa,3–2,9-1-8,12-3-3
Chelsea,Crystal Palace,2–1,6-4-8,4-6-8
Brentford,Wolves,1–4,5-4-8,6-4-8
Everton,Manchester City,1–3,8-2-8,10-4-3
Brighton,Tottenham,4–2,7-6-5,11-3-4
Arsenal,West Ham,0–2,12-4-2,9-3-6
Luton Town,Chelsea,2–3,4-3-11,7-4-8
Aston Villa,Burnley,3–2,12-3-4,3-2-14
Wolves,Everton,3–0,7-4-8,8-2-9
Manchester City,Sheffield Utd,2–0,11-4-3,2-3-14
Crystal Palace,Brentford,3–1,4-6-9,5-4-9
Nott'ham Forest,Manchester Utd,2–1,4-5-10,10-1-8
Tottenham,Bournemouth,3–1,11-3-5,7-4-7
Fulham,Arsenal,2–1,6-3-10,12-4-3
Liverpool,Newcastle Utd,4–2,12-6-1,9-2-8
West Ham,Brighton,0–0,10-3-6,8-6-5
Burnley,Luton Town,1–1,3-2-15,4-3-12
Chelsea,Fulham,1–0,8-4-8,7-3-10
Newcastle Utd,Manchester City,2–3,9-2-9,12-4-3
Everton,Aston Villa,0–0,8-2-10,13-3-4
Manchester Utd,Tottenham,2–2,10-1-9,12-3-5
Arsenal,Crystal Palace,5–0,12-4-4,5-6-9
Brentford,Nott'ham Forest,3–2,5-4-10,5-5-10
Sheffield Utd,West Ham,2–2,2-3-15,10-4-6
Bournemouth,Liverpool,0–4,7-4-8,13-6-1
Brighton,Wolves,0–0,8-7-5,8-4-8
Nott'ham Forest,Arsenal,1–2,5-5-11,13-4-4
Fulham,Everton,0–0,7-3-11,8-3-10
Luton Town,Brighton,4–0,4-4-12,8-8-5
Crystal Palace,Sheffield Utd,3–2,5-6-10,2-4-15
Aston Villa,Newcastle Utd,1–3,13-4-4,9-2-10
Tottenham,Brentford,3–2,12-4-5,6-4-10
Manchester City,Burnley,3–1,13-4-3,3-3-15
Liverpool,Chelsea,4–1,14-6-1,9-4-8
West Ham,Bournemouth,1–1,10-5-6,7-4-9
Wolves,Manchester Utd,3–4,8-5-8,10-2-9
Everton,Tottenham,2–2,8-4-10,13-4-5
Newcastle Utd,Luton Town,4–4,10-2-10,5-4-12
Brighton,Crystal Palace,4–1,8-8-6,6-6-10
Burnley,Fulham,2–2,3-3-16,7-4-11
Sheffield Utd,Aston Villa,0–5,2-4-16,13-4-5
Bournemouth,Nott'ham Forest,1–1,7-5-9,5-5-12
Manchester Utd,West Ham,3–0,11-2-9,10-6-6
Chelsea,Wolves,2–4,9-4-9,8-5-9
Arsenal,Liverpool,3–1,14-4-4,15-6-1
Brentford,Manchester City,1–3,6-4-11,14-4-3
Manchester City,Everton,2–0,15-4-3,8-5-10
Luton Town,Sheffield Utd,1–3,5-5-12,2-4-17
Liverpool,Burnley,3–1,15-6-2,3-4-16
Wolves,Brentford,0–2,9-5-9,6-4-12
Fulham,Bournemouth,3–1,7-5-11,7-6-9
Tottenham,Brighton,2–1,13-5-5,9-8-6
Nott'ham Forest,Newcastle Utd,2–3,5-6-12,10-3-10
West Ham,Arsenal,0–6,10-6-7,15-4-4
Aston Villa,Manchester Utd,1–2,14-4-5,12-2-9
Crystal Palace,Chelsea,1–3,6-6-11,9-4-10
Brentford,Liverpool,1–4,7-4-12,16-6-2
Newcastle Utd,Bournemouth,2–2,11-3-10,7-6-10
Tottenham,Wolves,1–2,14-5-5,9-5-10
Burnley,Arsenal,0–5,3-4-17,16-4-4
Fulham,Aston Villa,1–2,8-5-11,14-4-6
Nott'ham Forest,West Ham,2–0,5-6-13,10-6-8
Manchester City,Chelsea,1–1,16-4-3,10-4-10
Sheffield Utd,Brighton,0–5,3-4-17,9-8-7
Luton Town,Manchester Utd,1–2,5-5-13,13-2-9
Everton,Crystal Palace,1–1,8-5-11,6-6-12
Manchester City,Brentford,1–0,16-5-3,7-4-13
Liverpool,Luton Town,4–1,17-6-2,5-5-14
Manchester Utd,Fulham,1–2,14-2-9,8-5-12
Crystal Palace,Burnley,3–0,6-7-12,3-4-18
Brighton,Everton,1–1,10-8-7,8-6-11
Aston Villa,Nott'ham Forest,4–2,15-4-6,6-6-13
Bournemouth,Manchester City,0–1,7-7-10,17-5-3
Arsenal,Newcastle Utd,4–1,17-4-4,11-4-10
Wolves,Sheffield Utd,1–0,10-5-10,3-4-18
West Ham,Brentford,4–2,10-6-9,7-4-14
Fulham,Brighton,3–0,9-5-12,10-9-7
Tottenham,Crystal Palace,3–1,14-5-6,7-7-12
Brentford,Chelsea,2–2,7-4-15,10-5-10
Newcastle Utd,Wolves,3–0,11-4-11,11-5-10
Nott'ham Forest,Liverpool,0–1,6-6-14,18-6-2
Everton,West Ham,1–3,8-7-11,11-6-9
Luton Town,Aston Villa,2–3,5-5-15,16-4-6
Burnley,Bournemouth,0–2,3-4-19,7-7-11
Manchester City,Manchester Utd,3–1,18-5-3,14-2-10
Sheffield Utd,Arsenal,0–6,3-4-19,18-4-4
Manchester Utd,Everton,2–0,14-2-11,8-7-12
Bournemouth,Sheffield Utd,2–2,8-7-11,3-4-20
Wolves,Fulham,2–1,11-5-11,10-5-12
Crystal Palace,Luton Town,1–1,7-7-13,5-5-16
Arsenal,Brentford,2–1,19-4-4,7-5-15
Aston Villa,Tottenham,0–4,17-4-6,15-5-6
West Ham,Burnley,2–2,12-6-9,3-4-20
Brighton,Nott'ham Forest,1–0,10-9-8,6-6-15
Liverpool,Manchester City,1–1,19-6-2,19-5-3
Chelsea,Newcastle Utd,3–2,10-6-10,12-4-11
Bournemouth,Luton Town,4–3,8-8-11,5-6-16
Luton Town,Nott'ham Forest,1–1,5-6-17,6-6-16
Burnley,Brentford,2–1,3-5-20,7-5-16
Fulham,Tottenham,3–0,10-5-13,16-5-6
West Ham,Aston Villa,1–1,12-7-9,17-4-7
Newcastle Utd,West Ham,4–3,12-4-12,12-8-9
Bournemouth,Everton,2–1,9-8-11,8-7-13
Tottenham,Luton Town,2–1,16-5-7,5-7-17
Nott'ham Forest,Crystal Palace,1–1,6-7-16,7-8-13
Sheffield Utd,Fulham,3–3,3-5-20,11-5-13
Chelsea,Burnley,2–2,11-6-10,4-5-20
Aston Villa,Wolves,2–0,17-5-7,12-5-11
Brentford,Manchester Utd,1–1,7-5-17,15-2-11
Liverpool,Brighton,2–1,19-7-2,11-9-8
Manchester City,Arsenal,0–0,19-6-3,20-4-4
Newcastle Utd,Everton,1–1,13-4-12,8-7-14
Nott'ham Forest,Fulham,3–1,6-8-16,11-6-13
Bournemouth,Crystal Palace,1–0,10-8-11,7-9-13
Burnley,Wolves,1–1,4-6-20,12-5-12
West Ham,Tottenham,1–1,12-8-10,17-5-7
Arsenal,Luton Town,2–0,20-5-4,5-7-18
Brentford,Brighton,0–0,7-6-17,11-9-9
Manchester City,Aston Villa,4–1,19-7-3,18-5-7
Liverpool,Sheffield Utd,3–1,20-7-2,3-6-20
Chelsea,Manchester Utd,4–3,11-7-10,15-3-11
Crystal Palace,Manchester City,2–4,7-9-14,20-7-3
Luton Town,Bournemouth,2–1,5-7-19,11-8-11
Wolves,West Ham,1–2,12-6-12,12-9-10
Fulham,Newcastle Utd,0–1,11-6-14,13-5-12
Everton,Burnley,1–0,8-8-14,4-7-20
Aston Villa,Brentford,3–3,18-5-8,7-7-17
Brighton,Arsenal,0–3,11-10-9,21-5-4
Manchester Utd,Liverpool,2–2,15-3-12,21-7-2
Sheffield Utd,Chelsea,2–2,3-6-21,12-7-10
Tottenham,Nott'ham Forest,3–1,17-6-7,7-8-16
Newcastle Utd,Tottenham,4–0,14-5-12,18-6-7
Manchester City,Luton Town,5–1,21-7-3,6-7-19
Nott'ham Forest,Wolves,2–2,7-8-17,12-6-13
Brentford,Sheffield Utd,2–0,7-8-17,3-7-21
Burnley,Brighton,1–1,4-7-21,11-10-10
Bournemouth,Manchester Utd,2–2,11-8-12,15-4-12
Liverpool,Crystal Palace,0–1,21-8-2,7-9-15
West Ham,Fulham,0–2,13-9-10,11-6-15
Arsenal,Aston Villa,0–2,22-5-4,18-6-8
Chelsea,Everton,6–0,12-8-10,9-8-14
Luton Town,Brentford,1–5,6-7-20,8-8-17
Sheffield Utd,Burnley,1–4,3-7-22,4-8-21
Wolves,Arsenal,0–2,12-7-13,22-5-5
Everton,Nott'ham Forest,2–0,9-8-15,7-9-17
Aston Villa,Bournemouth,3–1,19-6-8,11-9-12
Crystal Palace,West Ham,5–2,8-9-15,13-9-11
Fulham,Liverpool,1–3,12-6-15,21-8-3
Arsenal,Chelsea,5–0,23-5-5,13-8-10
Wolves,Bournemouth,0–1,12-7-14,11-9-13
Manchester Utd,Sheffield Utd,4–2,15-5-12,3-7-23
Everton,Liverpool,2–0,10-8-15,22-8-3
Crystal Palace,Newcastle Utd,2–0,9-9-15,15-5-12
Brighton,Manchester City,0–4,11-11-10,22-7-3
West Ham,Liverpool,2–2,13-9-12,22-8-4
Wolves,Luton Town,2–1,12-7-15,6-7-21
Fulham,Crystal Palace,1–1,12-6-16,10-9-15
Manchester Utd,Burnley,1–1,16-5-12,5-8-21
Newcastle Utd,Sheffield Utd,5–1,15-5-13,3-7-24
Everton,Brentford,1–0,11-8-15,9-8-17
Aston Villa,Chelsea,2–2,20-6-8,13-8-11
Tottenham,Arsenal,2–3,18-6-8,24-5-5
Bournemouth,Brighton,3–0,12-9-13,11-11-11
Nott'ham Forest,Manchester City,0–2,7-9-18,23-7-3
Chelsea,Tottenham,2–0,13-9-11,18-6-9
Luton Town,Everton,1–1,6-7-22,12-8-15
Arsenal,Bournemouth,3–0,25-5-5,13-9-13
Burnley,Newcastle Utd,1–4,5-9-21,16-5-13
Sheffield Utd,Nott'ham Forest,1–3,3-7-25,7-9-19
Brentford,Fulham,0–0,9-8-18,12-7-16
Manchester City,Wolves,5–1,24-7-3,13-7-15
Brighton,Aston Villa,1–0,11-11-12,20-7-8
Chelsea,West Ham,5–0,14-9-11,13-10-12
Liverpool,Tottenham,4–2,22-9-4,18-6-10
Crystal Palace,Manchester Utd,4–0,10-10-15,16-6-12
Fulham,Manchester City,0–4,12-8-16,25-7-3
Wolves,Crystal Palace,1–3,13-7-16,11-10-15
West Ham,Luton Town,3–1,13-10-13,6-8-22
Tottenham,Burnley,2–1,18-6-11,5-9-22
Everton,Sheffield Utd,1–0,12-9-15,3-7-26
Newcastle Utd,Brighton,1–1,17-5-13,12-11-12
Bournemouth,Brentford,1–2,13-9-14,9-9-18
Nott'ham Forest,Chelsea,2–3,8-9-19,15-9-11
Manchester Utd,Arsenal,0–1,16-6-13,26-5-5
Aston Villa,Liverpool,3–3,20-7-9,23-9-4
Tottenham,Manchester City,0–2,19-6-11,26-7-3
Brighton,Chelsea,1–2,12-12-12,16-9-11
Manchester Utd,Newcastle Utd,3–2,16-6-14,17-6-13
Luton Town,Fulham,2–4,6-8-23,12-8-17
Sheffield Utd,Tottenham,0–3,3-7-27,19-6-12
Manchester City,West Ham,3–1,27-7-3,14-10-13
Arsenal,Everton,2–1,27-5-5,13-9-15
Brighton,Manchester Utd,0–2,12-12-13,17-6-14
Brentford,Newcastle Utd,2–4,10-9-18,17-6-14
Chelsea,Bournemouth,2–1,17-9-11,13-9-15
Crystal Palace,Aston Villa,5–0,12-10-15,20-8-9
Liverpool,Wolves,2–0,23-10-4,13-7-17
Burnley,Nott'ham Forest,1–2,5-9-23,8-9-20
Crystal Palace,Arsenal,0–2,0-0-0,0-0-0
Fulham,Liverpool,2–2,0-0-0,0-0-0
Tottenham,Southampton,4–1,0-0-0,0-0-0
Newcastle Utd,Nott'ham Forest,2–0,0-0-0,0-0-0
Leeds United,Wolves,2–1,0-0-0,0-0-0
Bournemouth,Aston Villa,2–0,0-0-0,0-0-0
Everton,Chelsea,0–1,0-0-0,0-0-0
Leicester City,Brentford,2–2,0-0-0,0-0-0
Manchester Utd,Brighton,1–2,0-0-0,0-0-0
West Ham,Manchester City,0–2,0-0-0,0-0-0
Aston Villa,Everton,2–1,0-0-1,0-0-1
Manchester City,Bournemouth,4–0,1-0-0,1-0-0
Southampton,Leeds United,2–2,0-0-1,1-0-0
Wolves,Fulham,0–0,0-0-1,0-1-0
Arsenal,Leicester City,4–2,1-0-0,0-1-0
Brighton,Newcastle Utd,0–0,1-0-0,1-0-0
Brentford,Manchester Utd,4–0,0-1-0,0-0-1
Nott'ham Forest,West Ham,1–0,0-0-1,0-0-1
Chelsea,Tottenham,2–2,1-0-0,1-0-0
Liverpool,Crystal Palace,1–1,0-1-0,0-0-1
Tottenham,Wolves,1–0,1-1-0,0-1-1
Leicester City,Southampton,1–2,0-1-1,0-1-1
Everton,Nott'ham Forest,1–1,0-0-2,1-0-1
Crystal Palace,Aston Villa,3–1,0-1-1,1-0-1
Fulham,Brentford,3–2,0-2-0,1-1-0
Bournemouth,Arsenal,0–3,1-0-1,2-0-0
Leeds United,Chelsea,3–0,1-1-0,1-1-0
West Ham,Brighton,0–2,0-0-2,1-1-0
Newcastle Utd,Manchester City,3–3,1-1-0,2-0-0
Manchester Utd,Liverpool,2–1,0-0-2,0-2-0
Southampton,Manchester Utd,0–1,1-1-1,1-0-2
Manchester City,Crystal Palace,4–2,2-1-0,1-1-1
Brighton,Leeds United,1–0,2-1-0,2-1-0
Chelsea,Leicester City,2–1,1-1-1,0-1-2
Brentford,Everton,1–1,1-1-1,0-1-2
Liverpool,Bournemouth,9–0,0-2-1,1-0-2
Arsenal,Fulham,2–1,3-0-0,1-2-0
Wolves,Newcastle Utd,1–1,0-1-2,1-2-0
Aston Villa,West Ham,0–1,1-0-2,0-0-3
Nott'ham Forest,Tottenham,0–2,1-1-1,2-1-0
Fulham,Brighton,2–1,1-2-1,3-1-0
Crystal Palace,Brentford,1–1,1-1-2,1-2-1
Southampton,Chelsea,2–1,1-1-2,2-1-1
Leeds United,Everton,1–1,2-1-1,0-2-2
Bournemouth,Wolves,0–0,1-0-3,0-2-2
Manchester City,Nott'ham Forest,6–0,3-1-0,1-1-2
Arsenal,Aston Villa,2–1,4-0-0,1-0-3
West Ham,Tottenham,1–1,1-0-3,3-1-0
Liverpool,Newcastle Utd,2–1,1-2-1,1-3-0
Leicester City,Manchester Utd,0–1,0-1-3,2-0-2
Everton,Liverpool,0–0,0-3-2,2-2-1
Nott'ham Forest,Bournemouth,2–3,1-1-3,1-1-3
Wolves,Southampton,1–0,0-3-2,2-1-2
Newcastle Utd,Crystal Palace,0–0,1-3-1,1-2-2
Brentford,Leeds United,5–2,1-3-1,2-2-1
Tottenham,Fulham,2–1,3-2-0,2-2-1
Chelsea,West Ham,2–1,2-1-2,1-1-3
Aston Villa,Manchester City,1–1,1-0-4,4-1-0
Brighton,Leicester City,5–2,3-1-1,0-1-4
Manchester Utd,Arsenal,3–1,3-0-2,5-0-0
Aston Villa,Southampton,1–0,1-1-4,2-1-3
Nott'ham Forest,Fulham,2–3,1-1-4,2-2-2
Wolves,Manchester City,0–3,1-3-2,4-2-0
Newcastle Utd,Bournemouth,1–1,1-4-1,2-1-3
Tottenham,Leicester City,6–2,4-2-0,0-1-5
Brentford,Arsenal,0–3,2-3-1,5-0-1
Everton,West Ham,1–0,0-4-2,1-1-4
Arsenal,Tottenham,3–1,6-0-1,5-2-0
Southampton,Everton,1–2,2-1-4,1-4-2
Crystal Palace,Chelsea,1–2,1-3-2,3-1-2
Liverpool,Brighton,3–3,2-3-1,4-1-1
Fulham,Newcastle Utd,1–4,3-2-2,1-5-1
Bournemouth,Brentford,0–0,2-2-3,2-3-2
West Ham,Wolves,2–0,1-1-5,1-3-3
Manchester City,Manchester Utd,6–3,5-2-0,4-0-2
Leeds United,Aston Villa,0–0,2-2-2,2-1-4
Leicester City,Nott'ham Forest,4–0,0-1-6,1-1-5
Bournemouth,Leicester City,2–1,2-3-3,1-1-6
Newcastle Utd,Brentford,5–1,2-5-1,2-4-2
Manchester City,Southampton,4–0,6-2-0,2-1-5
Chelsea,Wolves,3–0,4-1-2,1-3-4
Brighton,Tottenham,0–1,4-2-1,5-2-1
West Ham,Fulham,3–1,2-1-5,3-2-3
Crystal Palace,Leeds United,2–1,1-3-3,2-3-2
Arsenal,Liverpool,3–2,7-0-1,2-4-1
Everton,Manchester Utd,1–2,2-4-2,4-0-3
Nott'ham Forest,Aston Villa,1–1,1-1-6,2-2-4
Brentford,Brighton,2–0,2-4-3,4-2-2
Leicester City,Crystal Palace,0–0,1-1-7,2-3-3
Fulham,Bournemouth,2–2,3-2-4,3-3-3
Wolves,Nott'ham Forest,1–0,1-3-5,1-2-6
Tottenham,Everton,2–0,6-2-1,2-4-3
Southampton,West Ham,1–1,2-1-6,3-1-5
Aston Villa,Chelsea,0–2,2-3-4,5-1-2
Leeds United,Arsenal,0–1,2-3-3,8-0-1
Manchester Utd,Newcastle Utd,0–0,5-0-3,3-5-1
Liverpool,Manchester City,1–0,2-4-2,7-2-0
Brighton,Nott'ham Forest,0–0,4-2-3,1-2-7
Crystal Palace,Wolves,2–1,2-4-3,2-3-5
Bournemouth,Southampton,0–1,3-4-3,2-2-6
Brentford,Chelsea,0–0,3-4-3,6-1-2
Liverpool,West Ham,1–0,3-4-2,3-2-5
Newcastle Utd,Everton,1–0,3-6-1,2-4-4
Manchester Utd,Tottenham,2–0,5-1-3,7-2-1
Fulham,Aston Villa,3–0,3-3-4,2-3-5
Leicester City,Leeds United,2–0,1-2-7,2-3-4
Nott'ham Forest,Liverpool,1–0,1-3-7,4-4-2
Everton,Crystal Palace,3–0,2-4-5,3-4-3
Manchester City,Brighton,3–1,7-2-1,4-3-3
Chelsea,Manchester Utd,1–1,6-2-2,6-1-3
Aston Villa,Brentford,4–0,2-3-6,3-5-3
Wolves,Leicester City,0–4,2-3-6,2-2-7
Leeds United,Fulham,2–3,2-3-5,4-3-4
Southampton,Arsenal,1–1,3-2-6,9-0-1
Tottenham,Newcastle Utd,1–2,7-2-2,4-6-1
West Ham,Bournemouth,2–0,3-2-6,3-4-4
Leicester City,Manchester City,0–1,3-2-7,8-2-1
Brentford,Wolves,1–1,3-5-4,2-3-7
Crystal Palace,Southampton,1–0,3-4-4,3-3-6
Newcastle Utd,Aston Villa,4–0,5-6-1,3-3-6
Brighton,Chelsea,4–1,4-3-4,6-3-2
Bournemouth,Tottenham,2–3,3-4-5,7-2-3
Fulham,Everton,0–0,5-3-4,3-4-5
Liverpool,Leeds United,1–2,4-4-3,2-3-6
Arsenal,Nott'ham Forest,5–0,9-1-1,2-3-7
Manchester Utd,West Ham,1–0,6-2-3,4-2-6
Nott'ham Forest,Brentford,2–2,2-3-8,3-6-4
Leeds United,Bournemouth,4–3,3-3-6,3-4-6
Manchester City,Fulham,2–1,9-2-1,5-4-4
Wolves,Brighton,2–3,2-4-7,5-3-4
Everton,Leicester City,0–2,3-5-5,3-2-8
Chelsea,Arsenal,0–1,6-3-3,10-1-1
West Ham,Crystal Palace,1–2,4-2-7,4-4-4
Southampton,Newcastle Utd,1–4,3-3-7,6-6-1
Aston Villa,Manchester Utd,3–1,3-3-7,7-2-3
Tottenham,Liverpool,1–2,8-2-3,4-4-4
Manchester City,Brentford,1–2,10-2-1,3-7-4
Tottenham,Leeds United,4–3,8-2-4,4-3-6
Liverpool,Southampton,3–1,5-4-4,3-3-8
Bournemouth,Everton,3–0,3-4-7,3-5-6
West Ham,Leicester City,0–2,4-2-8,4-2-8
Nott'ham Forest,Crystal Palace,1–0,2-4-8,5-4-4
Newcastle Utd,Chelsea,1–0,7-6-1,6-3-4
Wolves,Arsenal,0–2,2-4-8,11-1-1
Brighton,Aston Villa,1–2,6-3-4,4-3-7
Fulham,Manchester Utd,1–2,5-4-5,7-2-4
Brentford,Tottenham,2–2,4-7-4,9-2-4
Southampton,Brighton,1–3,3-3-9,6-3-5
Leicester City,Newcastle Utd,0–3,5-2-8,8-6-1
Crystal Palace,Fulham,0–3,5-4-5,5-4-6
Everton,Wolves,1–2,3-5-7,2-4-9
Aston Villa,Liverpool,1–3,5-3-7,6-4-4
Arsenal,West Ham,3–1,12-1-1,4-2-9
Chelsea,Bournemouth,2–0,6-3-5,4-4-7
Manchester Utd,Nott'ham Forest,3–0,8-2-4,3-4-8
Leeds United,Manchester City,1–3,4-3-7,10-2-2
West Ham,Brentford,0–2,4-2-10,4-8-4
Liverpool,Leicester City,2–1,7-4-4,5-2-9
Wolves,Manchester Utd,0–1,3-4-9,9-2-4
Newcastle Utd,Leeds United,0–0,9-6-1,4-3-8
Fulham,Southampton,2–1,6-4-6,3-3-10
Manchester City,Everton,1–1,11-2-2,3-5-8
Bournemouth,Crystal Palace,0–2,4-4-8,5-4-6
Brighton,Arsenal,2–4,7-3-5,13-1-1
Tottenham,Aston Villa,0–2,9-3-4,5-3-8
Nott'ham Forest,Chelsea,1–1,3-4-9,7-3-5
Brentford,Liverpool,3–1,5-8-4,8-4-4
Leicester City,Fulham,0–1,5-2-10,7-4-6
Everton,Brighton,1–4,3-6-8,7-3-6
Arsenal,Newcastle Utd,0–0,14-1-1,9-7-1
Manchester Utd,Bournemouth,3–0,10-2-4,4-4-9
Southampton,Nott'ham Forest,0–1,3-3-11,3-5-9
Leeds United,West Ham,2–2,4-4-8,4-2-11
Aston Villa,Wolves,1–1,6-3-8,3-4-10
Crystal Palace,Tottenham,0–4,6-4-6,9-3-5
Chelsea,Manchester City,0–1,7-4-5,11-3-2
Fulham,Chelsea,2–1,8-4-6,7-4-6
Aston Villa,Leeds United,2–1,6-4-8,4-5-8
Manchester Utd,Manchester City,2–1,11-2-4,12-3-2
Everton,Southampton,1–2,3-6-9,3-3-12
Wolves,West Ham,1–0,3-5-10,4-3-11
Nott'ham Forest,Leicester City,2–0,4-5-9,5-2-11
Brighton,Liverpool,3–0,8-3-6,8-4-5
Brentford,Bournemouth,2–0,6-8-4,4-4-10
Chelsea,Crystal Palace,1–0,7-4-7,6-4-7
Newcastle Utd,Fulham,1–0,9-8-1,9-4-6
Tottenham,Arsenal,0–2,10-3-5,14-2-1
Crystal Palace,Manchester Utd,1–1,6-4-8,12-2-4
Manchester City,Tottenham,4–2,12-3-3,10-3-6
Liverpool,Chelsea,0–0,8-4-6,8-4-7
Bournemouth,Nott'ham Forest,1–1,4-4-11,5-5-9
Southampton,Aston Villa,0–1,4-3-12,7-4-8
Leicester City,Brighton,2–2,5-2-12,9-3-6
West Ham,Everton,2–0,4-3-12,3-6-10
Crystal Palace,Newcastle Utd,0–0,6-5-8,10-8-1
Manchester City,Wolves,3–0,13-3-3,4-5-10
Leeds United,Brentford,0–0,4-5-9,7-8-4
Arsenal,Manchester Utd,3–2,15-2-1,12-3-4
Fulham,Tottenham,0–1,9-4-7,10-3-7
Chelsea,Fulham,0–0,8-5-7,9-4-8
Everton,Arsenal,1–0,3-6-11,16-2-1
Aston Villa,Leicester City,2–4,8-4-8,5-3-12
Wolves,Liverpool,3–0,4-5-11,8-5-6
Manchester Utd,Crystal Palace,2–1,12-3-5,6-6-8
Brighton,Bournemouth,1–0,9-4-6,4-5-11
Brentford,Southampton,3–0,7-9-4,4-3-13
Newcastle Utd,West Ham,1–1,10-9-1,5-3-12
Nott'ham Forest,Leeds United,1–0,5-6-9,4-6-9
Tottenham,Manchester City,1–0,11-3-7,14-3-3
Manchester Utd,Leeds United,2–2,13-3-5,4-6-10
West Ham,Chelsea,1–1,5-4-12,8-6-7
Leicester City,Tottenham,4–1,6-3-12,12-3-7
Crystal Palace,Brighton,1–1,6-6-9,10-4-6
Arsenal,Brentford,1–1,16-2-2,8-9-4
Southampton,Wolves,1–2,4-3-14,5-5-11
Fulham,Nott'ham Forest,2–0,9-5-8,6-6-9
Bournemouth,Newcastle Utd,1–1,4-5-12,10-10-1
Leeds United,Manchester Utd,0–2,4-7-10,13-4-5
Manchester City,Aston Villa,3–1,14-3-4,8-4-9
Liverpool,Everton,2–0,8-5-7,4-6-11
Arsenal,Manchester City,1–3,16-3-2,15-3-4
Aston Villa,Arsenal,2–4,8-4-10,16-3-3
Brighton,Fulham,0–1,10-5-6,10-5-8
Nott'ham Forest,Manchester City,1–1,6-6-10,16-3-4
Chelsea,Southampton,0–1,8-7-7,4-3-15
Everton,Leeds United,1–0,4-6-12,4-7-11
Wolves,Bournemouth,0–1,6-5-11,4-6-12
Brentford,Crystal Palace,1–1,8-10-4,6-7-9
Newcastle Utd,Liverpool,0–2,10-11-1,9-5-7
Manchester Utd,Leicester City,3–0,14-4-5,7-3-12
Tottenham,West Ham,2–0,12-3-8,5-5-12
Fulham,Wolves,1–1,11-5-8,6-5-12
Leicester City,Arsenal,0–1,7-3-13,17-3-3
Everton,Aston Villa,0–2,5-6-12,8-4-11
West Ham,Nott'ham Forest,4–0,5-5-13,6-7-10
Leeds United,Southampton,1–0,4-7-12,5-3-15
Bournemouth,Manchester City,1–4,5-6-12,16-4-4
Crystal Palace,Liverpool,0–0,6-8-9,10-5-7
Tottenham,Chelsea,2–0,13-3-8,8-7-8
Arsenal,Everton,4–0,18-3-3,5-6-13
Liverpool,Wolves,2–0,10-6-7,6-6-12
Manchester City,Newcastle Utd,2–0,17-4-4,10-11-2
Arsenal,Bournemouth,3–2,19-3-3,5-6-13
Aston Villa,Crystal Palace,1–0,9-4-11,6-9-9
Chelsea,Leeds United,1–0,8-7-9,5-7-12
Brighton,West Ham,4–0,10-5-7,6-5-13
Wolves,Tottenham,1–0,6-6-13,14-3-8
Southampton,Leicester City,1–0,5-3-16,7-3-14
Nott'ham Forest,Everton,2–2,6-7-11,5-6-14
Liverpool,Manchester Utd,7–0,11-6-7,15-4-5
Brentford,Fulham,3–2,8-11-4,11-6-8
Bournemouth,Liverpool,1–0,5-6-14,12-6-7
Leeds United,Brighton,2–2,5-7-13,11-5-7
Everton,Brentford,1–0,5-7-14,9-11-4
Leicester City,Chelsea,1–3,7-3-15,9-7-9
Tottenham,Nott'ham Forest,3–1,14-3-9,6-8-11
Crystal Palace,Manchester City,0–1,6-9-10,18-4-4
Manchester Utd,Southampton,0–0,15-4-6,6-3-16
Fulham,Arsenal,0–3,11-6-9,20-3-3
West Ham,Aston Villa,1–1,6-5-14,10-4-11
Newcastle Utd,Wolves,2–1,10-11-3,7-6-13
Southampton,Brentford,0–2,6-4-16,9-11-5
Brighton,Crystal Palace,1–0,11-6-7,6-9-11
Nott'ham Forest,Newcastle Utd,1–2,6-8-12,11-11-3
Wolves,Leeds United,2–4,7-6-14,5-8-13
Brentford,Leicester City,1–1,10-11-5,7-3-16
Aston Villa,Bournemouth,3–0,10-5-11,6-6-14
Southampton,Tottenham,3–3,6-4-17,15-3-9
Chelsea,Everton,2–2,10-7-9,6-7-14
Arsenal,Crystal Palace,4–1,21-3-3,6-9-12
Manchester City,Liverpool,4–1,19-4-4,12-6-8
Arsenal,Leeds United,4–1,22-3-3,6-8-13
Nott'ham Forest,Wolves,1–1,6-8-13,7-6-15
Brighton,Brentford,3–3,12-6-7,10-12-5
Crystal Palace,Leicester City,2–1,6-9-13,7-4-16
Bournemouth,Fulham,2–1,6-6-15,11-6-10
Chelsea,Aston Villa,0–2,10-8-9,11-5-11
West Ham,Southampton,1–0,6-6-14,6-5-17
Newcastle Utd,Manchester Utd,2–0,12-11-3,15-5-6
Everton,Tottenham,1–1,6-8-14,15-4-9
Leeds United,Nott'ham Forest,2–1,6-8-14,6-9-13
Bournemouth,Brighton,0–2,7-6-15,12-7-7
Leicester City,Aston Villa,1–2,7-4-17,12-5-11
Chelsea,Liverpool,0–0,10-8-10,12-6-9
West Ham,Newcastle Utd,1–5,7-6-14,13-11-3
Manchester Utd,Brentford,1–0,15-5-7,10-13-5
Manchester Utd,Everton,2–0,16-5-7,6-9-14
Fulham,West Ham,0–1,11-6-11,7-6-15
Aston Villa,Nott'ham Forest,2–0,13-5-11,6-9-14
Leicester City,Bournemouth,0–1,7-4-18,7-6-16
Brentford,Newcastle Utd,1–2,10-13-6,14-11-3
Wolves,Chelsea,1–0,7-7-15,10-9-10
Tottenham,Brighton,2–1,15-5-9,13-7-7
Southampton,Manchester City,1–4,6-5-18,20-4-4
Leeds United,Crystal Palace,1–5,7-8-14,7-9-13
Liverpool,Arsenal,2–2,12-7-9,23-3-3
Aston Villa,Newcastle Utd,3–0,14-5-11,15-11-3
Chelsea,Brighton,1–2,10-9-11,13-7-8
Southampton,Crystal Palace,0–2,6-5-19,8-9-13
Wolves,Brentford,2–0,8-7-15,10-13-7
Tottenham,Bournemouth,2–3,16-5-9,8-6-16
Everton,Fulham,1–3,6-9-15,11-6-12
Manchester City,Leicester City,3–1,21-4-4,7-4-19
West Ham,Arsenal,2–2,8-6-15,23-4-3
Nott'ham Forest,Manchester Utd,0–2,6-9-15,17-5-7
Leeds United,Liverpool,1–6,7-8-15,12-8-9
Arsenal,Southampton,3–3,23-5-3,6-5-20
Fulham,Leeds United,2–1,12-6-12,7-8-16
Crystal Palace,Everton,0–0,9-9-13,6-9-16
Brentford,Aston Villa,1–1,10-13-8,15-5-11
Liverpool,Nott'ham Forest,3–2,13-8-9,6-9-16
Leicester City,Wolves,2–1,7-4-20,9-7-15
Bournemouth,West Ham,0–4,9-6-16,8-7-15
Newcastle Utd,Tottenham,6–1,15-11-4,16-5-10
Wolves,Crystal Palace,2–0,9-7-16,9-10-13
Aston Villa,Fulham,1–0,15-6-11,13-6-12
Leeds United,Leicester City,1–1,7-8-17,8-4-20
Nott'ham Forest,Brighton,3–1,6-9-17,14-7-8
Chelsea,Brentford,0–2,10-9-12,10-14-8
West Ham,Liverpool,1–2,9-7-15,14-8-9
Manchester City,Arsenal,4–1,22-4-4,23-6-3
Everton,Newcastle Utd,1–4,6-10-16,16-11-4
Southampton,Bournemouth,0–1,6-6-20,9-6-17
Tottenham,Manchester Utd,2–2,16-5-11,18-5-7
Crystal Palace,West Ham,4–3,9-10-14,9-7-16
Brighton,Wolves,6–0,14-7-9,10-7-16
Brentford,Nott'ham Forest,2–1,11-14-8,7-9-17
Manchester Utd,Aston Villa,1–0,18-6-7,16-6-11
Bournemouth,Leeds United,4–1,10-6-17,7-9-17
Newcastle Utd,Southampton,3–1,17-11-4,6-6-21
Fulham,Manchester City,1–2,13-6-13,23-4-4
Liverpool,Tottenham,4–3,15-8-9,16-6-11
Leicester City,Everton,2–2,8-5-20,6-10-17
Arsenal,Chelsea,3–1,23-6-4,10-9-13
Liverpool,Fulham,1–0,16-8-9,13-6-14
Manchester City,West Ham,3–0,24-4-4,9-7-17
Brighton,Manchester Utd,1–0,15-7-9,19-6-7
Tottenham,Crystal Palace,1–0,16-6-12,10-10-14
Wolves,Aston Villa,1–0,10-7-17,16-6-12
Bournemouth,Chelsea,1–3,11-6-17,10-9-14
Manchester City,Leeds United,2–1,25-4-4,7-9-18
Liverpool,Brentford,1–0,17-8-9,12-14-8
Newcastle Utd,Arsenal,0–2,18-11-4,24-6-4
West Ham,Manchester Utd,1–0,9-7-18,19-6-8
Fulham,Leicester City,5–3,13-6-15,8-6-20
Brighton,Everton,1–5,16-7-9,6-11-17
Nott'ham Forest,Southampton,4–3,7-9-18,6-6-22
Leeds United,Newcastle Utd,2–2,7-9-19,18-11-5
Aston Villa,Tottenham,2–1,16-6-13,17-6-12
Chelsea,Nott'ham Forest,2–2,11-9-14,8-9-18
Crystal Palace,Bournemouth,2–0,10-10-15,11-6-18
Southampton,Fulham,0–2,6-6-23,14-6-15
Manchester Utd,Wolves,2–0,19-6-9,11-7-17
Everton,Manchester City,0–3,7-11-17,26-4-4
Brentford,West Ham,2–0,12-14-9,10-7-18
Arsenal,Brighton,0–3,25-6-4,16-7-10
Leicester City,Liverpool,0–3,8-6-21,18-8-9
Newcastle Utd,Brighton,4–1,18-12-5,17-7-10
Tottenham,Brentford,1–3,17-6-13,13-14-9
Liverpool,Aston Villa,1–1,19-8-9,17-6-13
Fulham,Crystal Palace,2–2,15-6-15,11-10-15
Bournemouth,Manchester Utd,0–1,11-6-19,20-6-9
Wolves,Everton,1–1,11-7-18,7-11-18
Nott'ham Forest,Arsenal,1–0,8-10-18,25-6-5
West Ham,Leeds United,3–1,10-7-19,7-10-19
Brighton,Southampton,3–1,17-7-11,6-6-24
Manchester City,Chelsea,1–0,27-4-4,11-10-14
Newcastle Utd,Leicester City,0–0,19-12-5,8-6-22
Brighton,Manchester City,1–1,18-7-11,28-4-4
Manchester Utd,Chelsea,4–1,21-6-9,11-10-15
Crystal Palace,Nott'ham Forest,1–1,11-11-15,9-10-18
Chelsea,Newcastle Utd,1–1,11-10-16,19-13-5
Manchester Utd,Fulham,2–1,22-6-9,15-7-15
Arsenal,Wolves,5–0,25-6-6,11-8-18
Southampton,Liverpool,4–4,6-6-25,19-9-9
Everton,Bournemouth,1–0,7-12-18,11-6-20
Leicester City,West Ham,2–1,8-7-22,11-7-19
Aston Villa,Brighton,2–1,17-7-13,18-8-11
Leeds United,Tottenham,1–4,7-10-20,17-6-14
Brentford,Manchester City,1–0,14-14-9,28-5-4
Brentford,Arsenal,2–0,0-0-0,0-0-0
Manchester Utd,Leeds United,5–1,0-0-0,0-0-0
Leicester City,Wolves,1–0,0-0-0,0-0-0
Burnley,Brighton,1–2,0-0-0,0-0-0
Chelsea,Crystal Palace,3–0,0-0-0,0-0-0
Watford,Aston Villa,3–2,0-0-0,0-0-0
Everton,Southampton,3–1,0-0-0,0-0-0
Norwich City,Liverpool,0–3,0-0-0,0-0-0
Newcastle Utd,West Ham,2–4,0-0-0,0-0-0
Tottenham,Manchester City,1–0,0-0-0,0-0-0
Liverpool,Burnley,2–0,1-0-0,0-0-1
Aston Villa,Newcastle Utd,2–0,0-0-1,0-0-1
Manchester City,Norwich City,5–0,0-0-1,0-0-1
Leeds United,Everton,2–2,0-0-1,1-0-0
Crystal Palace,Brentford,0–0,0-0-1,1-0-0
Brighton,Watford,2–0,1-0-0,1-0-0
Wolves,Tottenham,0–1,0-0-1,1-0-0
Southampton,Manchester Utd,1–1,0-0-1,1-0-0
Arsenal,Chelsea,0–2,0-0-1,1-0-0
West Ham,Leicester City,4–1,1-0-0,1-0-0
Manchester City,Arsenal,5–0,1-0-1,0-0-2
Norwich City,Leicester City,1–2,0-0-2,1-0-1
West Ham,Crystal Palace,2–2,2-0-0,0-1-1
Aston Villa,Brentford,1–1,1-0-1,1-1-0
Newcastle Utd,Southampton,2–2,0-0-2,0-1-1
Brighton,Everton,0–2,2-0-0,1-1-0
Liverpool,Chelsea,1–1,2-0-0,2-0-0
Burnley,Leeds United,1–1,0-0-2,0-1-1
Tottenham,Watford,1–0,2-0-0,1-0-1
Wolves,Manchester Utd,0–1,0-0-2,1-1-0
Crystal Palace,Tottenham,3–0,0-2-1,3-0-0
Watford,Wolves,0–2,1-0-2,0-0-3
Brentford,Brighton,0–1,1-2-0,2-0-1
Arsenal,Norwich City,1–0,0-0-3,0-0-3
Manchester Utd,Newcastle Utd,4–1,2-1-0,0-1-2
Leicester City,Manchester City,0–1,2-0-1,2-0-1
Southampton,West Ham,0–0,0-2-1,2-1-0
Chelsea,Aston Villa,3–0,2-1-0,1-1-1
Leeds United,Liverpool,0–3,0-2-1,2-1-0
Everton,Burnley,3–1,2-1-0,0-1-2
Newcastle Utd,Leeds United,1–1,0-1-3,0-2-2
Wolves,Brentford,0–2,1-0-3,1-2-1
Manchester City,Southampton,0–0,3-0-1,0-3-1
Liverpool,Crystal Palace,3–0,3-1-0,1-2-1
Norwich City,Watford,1–3,0-0-4,1-0-3
Burnley,Arsenal,0–1,0-1-3,1-0-3
Aston Villa,Everton,3–0,1-1-2,3-1-0
West Ham,Manchester Utd,1–2,2-2-0,3-1-0
Brighton,Leicester City,2–1,3-0-1,2-0-2
Tottenham,Chelsea,0–3,3-0-1,3-1-0
Manchester Utd,Aston Villa,0–1,4-1-0,2-1-2
Chelsea,Manchester City,0–1,4-1-0,3-1-1
Leicester City,Burnley,2–2,2-0-3,0-1-4
Leeds United,West Ham,1–2,0-3-2,2-2-1
Watford,Newcastle Utd,1–1,2-0-3,0-2-3
Everton,Norwich City,2–0,3-1-1,0-0-5
Brentford,Liverpool,3–3,2-2-1,4-1-0
Southampton,Wolves,0–1,0-4-1,1-0-4
Arsenal,Tottenham,3–1,2-0-3,3-0-2
Crystal Palace,Brighton,1–1,1-2-2,4-0-1
Manchester Utd,Everton,1–1,4-1-1,4-1-1
Wolves,Newcastle Utd,2–1,2-0-4,0-3-3
Burnley,Norwich City,0–0,0-2-4,0-0-6
Chelsea,Southampton,3–1,4-1-1,0-4-2
Leeds United,Watford,1–0,0-3-3,2-1-3
Brighton,Arsenal,0–0,4-1-1,3-0-3
Tottenham,Aston Villa,2–1,3-0-3,3-1-2
Crystal Palace,Leicester City,2–2,1-3-2,2-1-3
West Ham,Brentford,1–2,3-2-1,2-3-1
Liverpool,Manchester City,2–2,4-2-0,4-1-1
Watford,Liverpool,0–5,2-1-4,4-3-0
Leicester City,Manchester Utd,4–2,2-2-3,4-2-1
Manchester City,Burnley,2–0,4-2-1,0-3-4
Southampton,Leeds United,1–0,0-4-3,1-3-3
Aston Villa,Wolves,2–3,3-1-3,3-0-4
Norwich City,Brighton,0–0,0-1-6,4-2-1
Brentford,Chelsea,0–1,3-3-1,5-1-1
Everton,West Ham,0–1,4-2-1,3-2-2
Newcastle Utd,Tottenham,2–3,0-3-4,4-0-3
Arsenal,Crystal Palace,2–2,3-1-3,1-4-2
Arsenal,Aston Villa,3–1,3-2-3,3-1-4
Chelsea,Norwich City,7–0,6-1-1,0-2-6
Leeds United,Wolves,1–1,1-3-4,4-0-4
Crystal Palace,Newcastle Utd,1–1,1-5-2,0-3-5
Everton,Watford,2–5,4-2-2,2-1-5
Southampton,Burnley,2–2,1-4-3,0-3-5
Brighton,Manchester City,1–4,4-3-1,5-2-1
West Ham,Tottenham,1–0,4-2-2,5-0-3
Brentford,Leicester City,1–2,3-3-2,3-2-3
Manchester Utd,Liverpool,0–5,4-2-2,5-3-0
Leicester City,Arsenal,0–2,4-2-3,4-2-3
Newcastle Utd,Chelsea,0–3,0-4-5,7-1-1
Liverpool,Brighton,2–2,6-3-0,4-3-2
Burnley,Brentford,3–1,0-4-5,3-3-3
Watford,Southampton,0–1,3-1-5,1-5-3
Manchester City,Crystal Palace,0–2,6-2-1,1-6-2
Tottenham,Manchester Utd,0–3,5-0-4,4-2-3
Norwich City,Leeds United,1–2,0-2-7,1-4-4
Aston Villa,West Ham,1–4,3-1-5,5-2-2
Wolves,Everton,2–1,4-1-4,4-2-3
Southampton,Aston Villa,1–0,2-5-3,3-1-6
Manchester Utd,Manchester City,0–2,5-2-3,6-2-2
Brentford,Norwich City,1–2,3-3-4,0-2-8
Chelsea,Burnley,1–1,8-1-1,1-4-5
Crystal Palace,Wolves,2–0,2-6-2,5-1-4
Brighton,Newcastle Utd,1–1,4-4-2,0-4-6
Everton,Tottenham,0–0,4-2-4,5-0-5
Leeds United,Leicester City,1–1,2-4-4,4-2-4
Arsenal,Watford,1–0,5-2-3,3-1-6
West Ham,Liverpool,3–2,6-2-2,6-4-0
Leicester City,Chelsea,0–3,4-3-4,8-2-1
Wolves,West Ham,1–0,5-1-5,7-2-2
Watford,Manchester Utd,4–1,3-1-7,5-2-4
Norwich City,Southampton,2–1,1-2-8,3-5-3
Aston Villa,Brighton,2–0,3-1-7,4-5-2
Newcastle Utd,Brentford,3–3,0-5-6,3-3-5
Burnley,Crystal Palace,3–3,1-5-5,3-6-2
Liverpool,Arsenal,4–0,6-4-1,6-2-3
Manchester City,Everton,3–0,7-2-2,4-3-4
Tottenham,Leeds United,2–1,5-1-5,2-5-4
Arsenal,Newcastle Utd,2–0,6-2-4,0-6-6
Crystal Palace,Aston Villa,1–2,3-7-2,4-1-7
Liverpool,Southampton,4–0,7-4-1,3-5-4
Norwich City,Wolves,0–0,2-2-8,6-1-5
Brighton,Leeds United,0–0,4-5-3,2-5-5
Brentford,Everton,1–0,3-4-5,4-3-5
Leicester City,Watford,4–2,4-3-5,4-1-7
Manchester City,West Ham,2–1,8-2-2,7-2-3
Chelsea,Manchester Utd,1–1,9-2-1,5-2-5
Newcastle Utd,Norwich City,1–1,0-6-7,2-3-8
Leeds United,Crystal Palace,1–0,2-6-5,3-7-3
Southampton,Leicester City,2–2,3-5-5,5-3-5
West Ham,Brighton,1–1,7-2-4,4-6-3
Wolves,Burnley,0–0,6-2-5,1-6-5
Watford,Chelsea,1–2,4-1-8,9-3-1
Aston Villa,Manchester City,1–2,5-1-7,9-2-2
Everton,Liverpool,1–4,4-3-6,8-4-1
Tottenham,Brentford,2–0,6-1-5,4-4-5
Manchester Utd,Arsenal,3–2,5-3-5,7-2-4
West Ham,Chelsea,3–2,7-3-4,10-3-1
Newcastle Utd,Burnley,1–0,0-7-7,1-7-5
Southampton,Brighton,1–1,3-6-5,4-7-3
Wolves,Liverpool,0–1,6-3-5,9-4-1
Watford,Manchester City,1–3,4-1-9,10-2-2
Leeds United,Brentford,2–2,3-6-5,4-4-6
Tottenham,Norwich City,3–0,7-1-5,2-4-8
Manchester Utd,Crystal Palace,1–0,6-3-5,3-7-4
Aston Villa,Leicester City,2–1,5-1-8,5-4-5
Everton,Arsenal,2–1,4-3-7,7-2-5
Brentford,Watford,2–1,4-5-6,4-1-10
Manchester City,Wolves,1–0,11-2-2,6-3-6
Liverpool,Aston Villa,1–0,10-4-1,6-1-8
Arsenal,Southampton,3–0,7-2-6,3-7-5
Chelsea,Leeds United,3–2,10-3-2,3-7-5
Norwich City,Manchester Utd,0–1,2-4-9,7-3-5
Burnley,West Ham,0–0,1-7-6,8-3-4
Leicester City,Newcastle Utd,4–0,5-4-6,1-7-7
Crystal Palace,Everton,3–1,3-7-5,5-3-7
Norwich City,Aston Villa,0–2,2-4-10,6-1-9
Manchester City,Leeds United,7–0,12-2-2,3-7-6
Brighton,Wolves,0–1,4-8-3,6-3-7
Crystal Palace,Southampton,2–2,4-7-5,3-7-6
Arsenal,West Ham,2–0,8-2-6,8-4-4
Chelsea,Everton,1–1,11-3-2,5-3-8
Liverpool,Newcastle Utd,3–1,11-4-1,1-7-8
Leeds United,Arsenal,1–4,3-7-7,9-2-6
Wolves,Chelsea,0–0,7-3-7,11-4-2
Newcastle Utd,Manchester City,0–4,1-7-9,13-2-2
Tottenham,Liverpool,2–2,8-1-5,12-4-1
West Ham,Southampton,2–3,8-4-5,3-8-6
Manchester City,Leicester City,6–3,14-2-2,6-4-6
Norwich City,Arsenal,0–5,2-4-11,10-2-6
Tottenham,Crystal Palace,3–0,8-2-5,4-8-5
Aston Villa,Chelsea,1–3,7-1-9,11-5-2
Brighton,Brentford,2–0,4-8-4,5-5-6
Newcastle Utd,Manchester Utd,1–1,1-7-10,8-3-5
Southampton,Tottenham,1–1,4-8-6,9-2-5
Crystal Palace,Norwich City,3–0,4-8-6,2-4-12
Watford,West Ham,1–4,4-1-11,8-4-6
Leicester City,Liverpool,1–0,6-4-7,12-5-1
Chelsea,Brighton,1–1,12-5-2,5-8-4
Brentford,Manchester City,0–1,5-5-7,15-2-2
Manchester Utd,Burnley,3–1,8-4-5,1-8-6
Arsenal,Manchester City,1–2,11-2-6,16-2-2
Watford,Tottenham,0–1,4-1-12,9-3-5
Crystal Palace,West Ham,2–3,5-8-6,9-4-6
Leeds United,Burnley,3–1,3-7-8,1-8-7
Brentford,Aston Villa,2–1,5-5-8,7-1-10
Everton,Brighton,2–3,5-4-8,5-9-4
Chelsea,Liverpool,2–2,12-6-2,12-5-2
Manchester Utd,Wolves,0–1,9-4-5,7-4-7
Southampton,Brentford,4–1,4-9-6,6-5-8
West Ham,Norwich City,2–0,10-4-6,2-4-13
Brighton,Crystal Palace,1–1,6-9-4,5-8-7
Manchester City,Chelsea,1–0,17-2-2,12-7-2
Norwich City,Everton,2–1,2-4-14,5-4-9
Newcastle Utd,Watford,1–1,1-8-10,4-1-13
Wolves,Southampton,3–1,8-4-7,5-9-6
Aston Villa,Manchester Utd,2–2,7-1-11,9-4-6
West Ham,Leeds United,2–3,11-4-6,4-7-8
Liverpool,Brentford,3–0,12-6-2,6-5-9
Brighton,Chelsea,1–1,6-10-4,12-7-3
Leicester City,Tottenham,2–3,7-4-7,10-3-5
Brentford,Manchester Utd,1–3,6-5-10,9-5-6
Watford,Norwich City,0–3,4-2-13,3-4-14
Everton,Aston Villa,0–1,5-4-10,7-2-11
Leeds United,Newcastle Utd,0–1,5-7-8,1-9-10
Manchester Utd,West Ham,1–0,10-5-6,11-4-7
Brentford,Wolves,1–2,6-5-11,9-4-7
Southampton,Manchester City,1–1,5-9-7,18-2-2
Crystal Palace,Liverpool,1–3,5-9-7,13-6-2
Arsenal,Burnley,0–0,11-2-7,1-8-8
Leicester City,Brighton,1–1,7-4-8,6-11-4
Chelsea,Tottenham,2–0,12-8-3,11-3-5
Burnley,Watford,0–0,1-9-8,4-2-14
West Ham,Watford,1–0,11-4-8,4-3-14
Newcastle Utd,Everton,3–1,2-9-10,5-4-11
Burnley,Manchester Utd,1–1,1-10-8,11-5-6
Tottenham,Southampton,2–3,11-3-6,5-10-7
Norwich City,Crystal Palace,1–1,4-4-14,5-9-8
Manchester City,Brentford,2–0,18-3-2,6-5-12
Aston Villa,Leeds United,3–3,8-2-11,5-7-9
Liverpool,Leicester City,2–0,14-6-2,7-5-8
Wolves,Arsenal,0–1,10-4-7,11-3-7
Manchester Utd,Southampton,1–1,11-6-6,6-10-7
Everton,Leeds United,3–0,5-4-12,5-8-9
Brentford,Crystal Palace,0–0,6-5-13,5-10-8
Watford,Brighton,0–2,4-3-15,6-12-4
Norwich City,Manchester City,0–4,4-5-14,19-3-2
Newcastle Utd,Aston Villa,1–0,3-9-10,8-3-11
Burnley,Liverpool,0–1,1-11-8,15-6-2
Tottenham,Wolves,0–2,11-3-7,10-4-8
Leicester City,West Ham,2–2,7-5-9,12-4-8
Manchester Utd,Brighton,2–0,11-7-6,7-12-4
West Ham,Newcastle Utd,1–1,12-5-8,4-9-10
Aston Villa,Watford,0–1,8-3-12,4-3-16
Arsenal,Brentford,2–1,12-3-7,6-6-13
Southampton,Everton,2–0,6-11-7,6-4-12
Liverpool,Norwich City,3–1,16-6-2,4-5-15
Brighton,Burnley,0–3,7-12-5,1-11-9
Crystal Palace,Chelsea,0–1,5-11-8,13-8-3
Manchester City,Tottenham,2–3,20-3-2,11-3-8
Leeds United,Manchester Utd,2–4,5-8-10,12-7-6
Wolves,Leicester City,2–1,11-4-8,7-6-9
Burnley,Tottenham,1–0,2-11-9,12-3-8
Watford,Crystal Palace,1–4,5-3-16,5-11-9
Liverpool,Leeds United,6–0,17-6-2,5-8-11
Arsenal,Wolves,2–1,13-3-7,12-4-8
Southampton,Norwich City,2–0,7-11-7,4-5-16
Leeds United,Tottenham,0–4,5-8-12,12-3-9
Crystal Palace,Burnley,1–1,6-11-9,3-11-9
Manchester Utd,Watford,0–0,13-7-6,5-3-17
Brighton,Aston Villa,0–2,7-12-6,8-3-13
Brentford,Newcastle Utd,0–2,6-6-14,4-10-10
Everton,Manchester City,0–1,6-4-13,20-3-3
West Ham,Wolves,1–0,12-6-8,12-4-9
Burnley,Leicester City,0–2,3-12-9,7-6-10
Leicester City,Leeds United,1–0,8-6-10,5-8-13
Newcastle Utd,Brighton,2–1,5-10-10,7-12-7
Aston Villa,Southampton,4–0,9-3-13,8-11-7
Burnley,Chelsea,0–4,3-12-10,14-8-3
Wolves,Crystal Palace,0–2,12-4-10,6-12-9
Norwich City,Brentford,1–3,4-5-17,6-6-15
Liverpool,West Ham,1–0,18-6-2,13-6-8
Watford,Arsenal,2–3,5-4-17,14-3-7
Manchester City,Manchester Utd,4–1,21-3-3,13-8-6
Tottenham,Everton,5–0,13-3-9,6-4-14
Wolves,Watford,4–0,12-4-11,5-4-18
Southampton,Newcastle Utd,1–2,8-11-8,6-10-10
Norwich City,Chelsea,1–3,4-5-18,15-8-3
Leeds United,Aston Villa,0–3,5-8-14,10-3-13
Brighton,Liverpool,0–2,7-12-8,19-6-2
Brentford,Burnley,2–0,7-6-15,3-12-11
Manchester Utd,Tottenham,3–2,13-8-7,14-3-9
Chelsea,Newcastle Utd,1–0,16-8-3,7-10-10
Southampton,Watford,1–2,8-11-9,5-4-19
West Ham,Aston Villa,2–1,13-6-9,11-3-13
Everton,Wolves,0–1,6-4-15,13-4-11
Leeds United,Norwich City,2–1,5-8-15,4-5-19
Arsenal,Leicester City,2–0,15-3-7,9-6-10
Crystal Palace,Manchester City,0–0,7-12-9,22-3-3
Brighton,Tottenham,0–2,7-12-9,14-3-10
Arsenal,Liverpool,0–2,16-3-7,20-6-2
Everton,Newcastle Utd,1–0,6-4-16,7-10-11
Wolves,Leeds United,2–3,14-4-11,6-8-15
Aston Villa,Arsenal,0–1,11-3-14,16-3-8
Leicester City,Brentford,2–1,9-6-11,8-6-15
Tottenham,West Ham,3–1,15-3-10,14-6-9
Liverpool,Watford,2–0,21-6-2,6-4-19
Wolves,Aston Villa,2–1,14-4-12,11-3-15
Leeds United,Southampton,1–1,7-8-15,8-11-10
Chelsea,Brentford,1–4,17-8-3,8-6-16
Burnley,Manchester City,0–2,3-12-12,22-4-3
Brighton,Norwich City,0–0,7-12-10,4-5-20
Manchester Utd,Leicester City,1–1,14-8-7,10-6-11
West Ham,Everton,2–1,14-6-10,7-4-16
Tottenham,Newcastle Utd,5–1,16-3-10,7-10-12
Crystal Palace,Arsenal,3–0,7-13-9,17-3-8
Burnley,Everton,3–2,3-12-13,7-4-17
Newcastle Utd,Wolves,1–0,7-10-13,15-4-12
Everton,Manchester Utd,1–0,7-4-18,14-9-7
Arsenal,Brighton,1–2,17-3-9,7-13-10
Southampton,Chelsea,0–6,8-12-10,17-8-4
Watford,Leeds United,0–3,6-4-20,7-9-15
Aston Villa,Tottenham,0–4,11-3-16,17-3-10
Brentford,West Ham,2–0,9-6-16,15-6-10
Leicester City,Crystal Palace,2–1,10-7-11,8-13-9
Norwich City,Burnley,2–0,4-6-20,4-12-13
Manchester City,Liverpool,2–2,23-4-3,22-6-2
Tottenham,Brighton,0–1,18-3-10,8-13-10
Manchester Utd,Norwich City,3–2,14-9-8,5-6-20
Watford,Brentford,1–2,6-4-21,10-6-16
Southampton,Arsenal,1–0,8-12-11,17-3-10
Newcastle Utd,Leicester City,2–1,8-10-13,11-7-11
West Ham,Burnley,1–1,15-6-11,4-12-14
Liverpool,Manchester Utd,4–0,22-7-2,15-9-8
Everton,Leicester City,1–1,8-4-18,11-7-12
Chelsea,Arsenal,2–4,18-8-4,17-3-11
Newcastle Utd,Crystal Palace,1–0,9-10-13,8-13-10
Manchester City,Brighton,3–0,23-5-3,9-13-10
Burnley,Southampton,2–0,4-13-14,9-12-11
Arsenal,Manchester Utd,3–1,18-3-11,15-9-9
Leicester City,Aston Villa,0–0,11-8-12,11-3-17
Manchester City,Watford,5–1,24-5-3,6-4-22
Norwich City,Newcastle Utd,0–3,5-6-21,10-10-13
Brentford,Tottenham,0–0,11-6-16,18-3-11
Brighton,Southampton,2–2,9-13-11,9-12-12
Burnley,Wolves,1–0,5-13-14,15-4-13
Chelsea,West Ham,1–0,18-8-5,15-7-11
Liverpool,Everton,2–0,23-7-2,8-5-18
Crystal Palace,Leeds United,0–0,8-13-11,8-9-15
Manchester Utd,Chelsea,1–1,15-9-10,19-8-5
Newcastle Utd,Liverpool,0–1,11-10-13,24-7-2
Watford,Burnley,1–2,6-4-23,6-13-14
Wolves,Brighton,0–3,15-4-14,9-14-11
Aston Villa,Norwich City,2–0,11-4-17,5-6-22
Southampton,Crystal Palace,1–2,9-13-12,8-14-11
Leeds United,Manchester City,0–4,8-10-15,25-5-3
Tottenham,Leicester City,3–1,18-4-11,11-9-12
Everton,Chelsea,1–0,8-5-19,19-9-5
West Ham,Arsenal,1–2,15-7-12,19-3-11
Manchester Utd,Brentford,3–0,15-10-10,11-7-16
Crystal Palace,Watford,1–0,9-14-11,6-4-24
Brentford,Southampton,3–0,11-7-17,9-13-13
Chelsea,Wolves,2–2,19-9-6,15-4-15
Burnley,Aston Villa,1–3,7-13-14,12-4-17
Brighton,Manchester Utd,4–0,10-14-11,16-10-10
Liverpool,Tottenham,1–1,25-7-2,19-4-11
Leicester City,Everton,1–2,11-9-13,9-5-19
Norwich City,West Ham,0–4,5-6-23,15-7-13
Arsenal,Leeds United,2–1,20-3-11,8-10-16
Manchester City,Newcastle Utd,5–0,26-5-3,11-10-14
Aston Villa,Liverpool,1–2,13-4-17,25-8-2
Leeds United,Chelsea,0–3,8-10-17,19-10-6
Leicester City,Norwich City,3–0,11-9-14,5-6-24
Watford,Everton,0–0,6-4-25,10-5-19
Wolves,Manchester City,1–5,15-5-15,27-5-3
Tottenham,Arsenal,3–0,19-5-11,21-3-11
Tottenham,Burnley,1–0,20-5-11,7-13-15
Leeds United,Brighton,1–1,8-10-18,11-14-11
Watford,Leicester City,1–5,6-5-25,12-9-14
Wolves,Norwich City,1–1,15-5-16,5-6-25
Aston Villa,Crystal Palace,1–1,13-4-18,10-14-11
West Ham,Manchester City,2–2,16-7-13,28-5-3
Everton,Brentford,2–3,10-6-19,12-7-17
Newcastle Utd,Arsenal,2–0,11-10-15,21-3-12
Southampton,Liverpool,1–2,9-13-14,26-8-2
Everton,Crystal Palace,3–2,10-6-20,10-15-11
Aston Villa,Burnley,1–1,13-5-18,7-13-16
Chelsea,Leicester City,1–1,20-10-6,13-9-14
Brentford,Leeds United,1–2,13-7-17,8-11-18
Leicester City,Southampton,4–1,13-10-14,9-13-15
Crystal Palace,Manchester Utd,1–0,10-15-12,16-10-11
Arsenal,Everton,5–1,21-3-13,11-6-20
Brighton,West Ham,3–1,11-15-11,16-8-13
Norwich City,Tottenham,0–5,5-7-25,21-5-11
Manchester City,Aston Villa,3–2,28-6-3,13-6-18
Liverpool,Wolves,3–1,27-8-2,15-6-16
Burnley,Newcastle Utd,1–2,7-14-16,12-10-15
Chelsea,Watford,2–1,20-11-6,6-5-26
Fulham,Arsenal,0–3,0-0-0,0-0-0
Crystal Palace,Southampton,1–0,0-0-0,0-0-0
Liverpool,Leeds United,4–3,0-0-0,0-0-0
West Ham,Newcastle Utd,0–2,0-0-0,0-0-0
West Brom,Leicester City,0–3,0-0-0,0-0-0
Tottenham,Everton,0–1,0-0-0,0-0-0
Sheffield Utd,Wolves,0–2,0-0-0,0-0-0
Brighton,Chelsea,1–3,0-0-0,0-0-0
Everton,West Brom,5–2,1-0-0,0-0-1
Leeds United,Fulham,4–3,0-0-1,0-0-1
Manchester Utd,Crystal Palace,1–3,0-0-0,1-0-0
Arsenal,West Ham,2–1,1-0-0,0-0-1
Southampton,Tottenham,2–5,0-0-1,0-0-1
Newcastle Utd,Brighton,0–3,1-0-0,0-0-1
Chelsea,Liverpool,0–2,1-0-0,1-0-0
Leicester City,Burnley,4–2,1-0-0,0-0-0
Aston Villa,Sheffield Utd,1–0,0-0-0,0-0-1
Wolves,Manchester City,1–3,1-0-0,0-0-0
Brighton,Manchester Utd,2–3,1-0-1,0-0-1
Crystal Palace,Everton,1–2,2-0-0,2-0-0
West Brom,Chelsea,3–3,0-0-2,1-0-1
Burnley,Southampton,0–1,0-0-1,0-0-2
Sheffield Utd,Leeds United,0–1,0-0-2,1-0-1
Tottenham,Newcastle Utd,1–1,1-0-1,1-0-1
Manchester City,Leicester City,2–5,1-0-0,2-0-0
West Ham,Wolves,4–0,0-0-2,1-0-1
Fulham,Aston Villa,0–3,0-0-2,1-0-0
Liverpool,Arsenal,3–1,2-0-0,2-0-0
Chelsea,Crystal Palace,4–0,1-1-1,2-0-1
Everton,Brighton,4–2,3-0-0,1-0-2
Leeds United,Manchester City,1–1,2-0-1,1-0-1
Newcastle Utd,Burnley,3–1,1-1-1,0-0-2
Southampton,West Brom,2–0,1-0-2,0-1-2
Leicester City,West Ham,0–3,3-0-0,1-0-2
Arsenal,Sheffield Utd,2–1,2-0-1,0-0-3
Wolves,Fulham,1–0,1-0-2,0-0-3
Manchester Utd,Tottenham,1–6,1-0-1,1-1-1
Aston Villa,Liverpool,7–2,2-0-0,3-0-0
Everton,Liverpool,2–2,4-0-0,3-0-1
Chelsea,Southampton,3–3,2-1-1,2-0-2
Manchester City,Arsenal,1–0,1-1-1,3-0-1
Newcastle Utd,Manchester Utd,1–4,2-1-1,1-0-2
Sheffield Utd,Fulham,1–1,0-0-4,0-0-4
Crystal Palace,Brighton,1–1,2-0-2,1-0-3
Tottenham,West Ham,3–3,2-1-1,2-0-2
Leicester City,Aston Villa,0–1,3-0-1,3-0-0
West Brom,Burnley,0–0,0-1-3,0-0-3
Leeds United,Wolves,0–1,2-1-1,2-0-2
Aston Villa,Leeds United,0–3,4-0-0,2-1-2
West Ham,Manchester City,1–1,2-1-2,2-1-1
Fulham,Crystal Palace,1–2,0-1-4,2-1-2
Manchester Utd,Chelsea,0–0,2-0-2,2-2-1
Liverpool,Sheffield Utd,2–1,3-1-1,0-1-4
Southampton,Everton,2–0,2-1-2,4-1-0
Wolves,Newcastle Utd,1–1,3-0-2,2-1-2
Arsenal,Leicester City,0–1,3-0-2,3-0-2
Brighton,West Brom,1–1,1-1-3,0-2-3
Burnley,Tottenham,0–1,0-1-3,2-2-1
Wolves,Crystal Palace,2–0,3-1-2,3-1-2
Sheffield Utd,Manchester City,0–1,0-1-5,2-2-1
Burnley,Chelsea,0–3,0-1-4,2-3-1
Liverpool,West Ham,2–1,4-1-1,2-2-2
Aston Villa,Southampton,3–4,4-0-1,3-1-2
Newcastle Utd,Everton,2–1,2-2-2,4-1-1
Manchester Utd,Arsenal,0–1,2-1-2,3-0-3
Tottenham,Brighton,2–1,3-2-1,1-2-3
Fulham,West Brom,2–0,0-1-5,0-3-3
Leeds United,Leicester City,1–4,3-1-2,4-0-2
Brighton,Burnley,0–0,1-2-4,0-1-5
Southampton,Newcastle Utd,2–0,4-1-2,3-2-2
Everton,Manchester Utd,1–3,4-1-2,2-1-3
Crystal Palace,Leeds United,4–1,3-1-3,3-1-3
Chelsea,Sheffield Utd,4–1,3-3-1,0-1-6
West Ham,Fulham,1–0,2-2-3,1-1-5
West Brom,Tottenham,0–1,0-3-4,4-2-1
Leicester City,Wolves,1–0,5-0-2,4-1-2
Manchester City,Liverpool,1–1,3-2-1,5-1-1
Arsenal,Aston Villa,0–3,4-0-3,4-0-2
Newcastle Utd,Chelsea,0–2,3-2-3,4-3-1
Aston Villa,Brighton,1–2,5-0-2,1-3-4
Tottenham,Manchester City,2–0,5-2-1,3-3-1
Manchester Utd,West Brom,1–0,3-1-3,0-3-5
Fulham,Everton,2–3,1-1-6,4-1-3
Sheffield Utd,West Ham,0–1,0-1-7,3-2-3
Leeds United,Arsenal,0–0,3-1-4,4-0-4
Liverpool,Leicester City,3–0,5-2-1,6-0-2
Burnley,Crystal Palace,1–0,0-2-5,4-1-3
Wolves,Southampton,1–1,4-1-3,5-1-2
Crystal Palace,Newcastle Utd,0–2,4-1-4,3-2-4
Brighton,Liverpool,1–1,2-3-4,6-2-1
Manchester City,Burnley,5–0,3-3-2,1-2-5
Everton,Leeds United,0–1,5-1-3,3-2-4
West Brom,Sheffield Utd,1–0,0-3-6,0-1-8
Southampton,Manchester Utd,2–3,5-2-2,4-1-3
Chelsea,Tottenham,0–0,5-3-1,6-2-1
Arsenal,Wolves,1–2,4-1-4,4-2-3
Leicester City,Fulham,1–2,6-0-3,1-1-7
West Ham,Aston Villa,2–1,4-2-3,5-0-3
Burnley,Everton,1–1,1-2-6,5-1-4
Manchester City,Fulham,2–0,4-3-2,2-1-7
West Ham,Manchester Utd,1–3,5-2-3,5-1-3
Chelsea,Leeds United,3–1,5-4-1,4-2-4
West Brom,Crystal Palace,1–5,1-3-6,4-1-5
Sheffield Utd,Leicester City,1–2,0-1-9,6-0-4
Tottenham,Arsenal,2–0,6-3-1,4-1-5
Liverpool,Wolves,4–0,6-3-1,5-2-3
Brighton,Southampton,1–2,2-4-4,5-2-3
Leeds United,West Ham,1–2,4-2-5,5-2-4
Wolves,Aston Villa,0–1,5-2-4,5-0-4
Newcastle Utd,West Brom,2–1,4-2-4,1-3-7
Manchester Utd,Manchester City,0–0,6-1-3,5-3-2
Everton,Chelsea,1–0,5-2-4,6-4-1
Southampton,Sheffield Utd,3–0,6-2-3,0-1-10
Crystal Palace,Tottenham,1–1,5-1-5,7-3-1
Fulham,Liverpool,1–1,2-1-8,7-3-1
Leicester City,Brighton,3–0,7-0-4,2-4-5
Arsenal,Burnley,0–1,4-1-6,1-3-6
Wolves,Chelsea,2–1,5-2-5,6-4-2
Manchester City,West Brom,1–1,5-4-2,1-3-8
Arsenal,Southampton,1–1,4-1-7,7-2-3
Leicester City,Everton,0–2,8-0-4,6-2-4
Leeds United,Newcastle Utd,5–2,4-2-6,5-2-4
Liverpool,Tottenham,2–1,7-4-1,7-4-1
West Ham,Crystal Palace,1–1,6-2-4,5-2-5
Fulham,Brighton,0–0,2-2-8,2-4-6
Aston Villa,Burnley,0–0,6-0-4,2-3-6
Sheffield Utd,Manchester Utd,2–3,0-1-11,6-2-3
Crystal Palace,Liverpool,0–7,5-3-5,8-4-1
Southampton,Manchester City,0–1,7-3-3,5-5-2
Everton,Arsenal,2–1,7-2-4,4-2-7
Newcastle Utd,Fulham,1–1,5-2-5,2-3-8
Brighton,Sheffield Utd,1–1,2-5-6,0-1-12
Tottenham,Leicester City,0–2,7-4-2,8-0-5
Manchester Utd,Leeds United,6–2,7-2-3,5-2-6
West Brom,Aston Villa,0–3,1-4-8,6-1-4
Burnley,Wolves,2–1,2-4-6,6-2-5
Chelsea,West Ham,3–0,6-4-3,6-3-4
Leicester City,Manchester Utd,2–2,9-0-5,8-2-3
Aston Villa,Crystal Palace,3–0,7-1-4,5-3-6
Fulham,Southampton,0–0,2-4-8,7-3-4
Arsenal,Chelsea,3–1,4-2-8,7-4-3
Sheffield Utd,Everton,0–1,0-2-12,8-2-4
Manchester City,Newcastle Utd,2–0,6-5-2,5-3-5
Leeds United,Burnley,1–0,5-2-7,3-4-6
West Ham,Brighton,2–2,6-3-5,2-6-6
Liverpool,West Brom,1–1,9-4-1,1-4-9
Wolves,Tottenham,1–1,6-2-6,7-4-3
Crystal Palace,Leicester City,1–1,5-3-7,9-1-5
Chelsea,Aston Villa,1–1,7-4-4,8-1-4
West Brom,Leeds United,0–5,1-5-9,6-2-7
Southampton,West Ham,0–0,7-4-4,6-4-5
Burnley,Sheffield Utd,1–0,3-4-7,0-2-13
Brighton,Arsenal,0–1,2-7-6,5-2-8
Manchester Utd,Wolves,1–0,8-3-3,6-3-6
Newcastle Utd,Liverpool,0–0,5-3-6,9-5-1
Everton,West Ham,0–1,9-2-4,6-5-5
Manchester Utd,Aston Villa,2–1,9-3-3,8-2-4
Tottenham,Leeds United,3–0,7-5-3,7-2-7
Crystal Palace,Sheffield Utd,2–0,5-4-7,0-2-14
Brighton,Wolves,3–3,2-7-7,6-3-7
West Brom,Arsenal,0–4,1-5-10,6-2-8
Newcastle Utd,Leicester City,1–2,5-4-6,9-2-5
Chelsea,Manchester City,1–3,7-5-4,7-5-2
Southampton,Liverpool,1–0,7-5-4,9-6-1
Sheffield Utd,Newcastle Utd,1–0,0-2-15,5-4-7
Burnley,Manchester Utd,0–1,4-4-7,10-3-3
Wolves,Everton,1–2,6-4-7,9-2-5
Manchester City,Brighton,1–0,8-5-2,2-8-7
Tottenham,Fulham,1–1,8-5-3,2-5-8
Arsenal,Crystal Palace,0–0,7-2-8,6-4-7
Wolves,West Brom,2–3,6-4-8,1-5-11
West Ham,Burnley,1–0,7-5-5,4-4-8
Leeds United,Brighton,0–1,7-2-8,2-8-8
Fulham,Chelsea,0–1,2-6-8,7-5-5
Leicester City,Southampton,2–0,10-2-5,8-5-4
Sheffield Utd,Tottenham,1–3,1-2-15,8-6-3
Liverpool,Manchester Utd,0–0,9-6-2,11-3-3
Manchester City,Crystal Palace,4–0,9-5-2,6-5-7
Arsenal,Newcastle Utd,3–0,7-3-8,5-4-8
West Ham,West Brom,2–1,8-5-5,2-5-11
Leicester City,Chelsea,2–0,11-2-5,8-5-5
Manchester City,Aston Villa,2–0,10-5-2,8-2-5
Fulham,Manchester Utd,1–2,2-6-9,11-4-3
Liverpool,Burnley,0–1,9-7-2,4-4-9
Aston Villa,Newcastle Utd,2–0,8-2-6,5-4-9
Newcastle Utd,Leeds United,1–2,5-4-10,7-2-9
Crystal Palace,West Ham,2–3,6-5-8,9-5-5
West Brom,Manchester City,0–5,2-5-12,11-5-2
Southampton,Arsenal,1–3,8-5-5,8-3-8
Chelsea,Wolves,0–0,8-5-6,6-4-9
Burnley,Aston Villa,3–2,5-4-9,9-2-6
Brighton,Fulham,0–0,3-8-8,2-6-10
Everton,Leicester City,1–1,10-2-5,12-2-5
Manchester Utd,Sheffield Utd,1–2,12-4-3,1-2-16
Tottenham,Liverpool,1–3,9-6-3,9-7-3
Everton,Newcastle Utd,0–2,10-3-5,5-4-11
Crystal Palace,Wolves,1–0,6-5-9,6-5-9
Manchester City,Sheffield Utd,1–0,12-5-2,2-2-16
West Brom,Fulham,2–2,2-5-13,2-7-10
Arsenal,Manchester Utd,0–0,9-3-8,12-4-4
Southampton,Aston Villa,0–1,8-5-6,9-2-7
Chelsea,Burnley,2–0,8-6-6,6-4-9
Leicester City,Leeds United,1–3,12-3-5,8-2-9
West Ham,Liverpool,1–3,10-5-5,10-7-3
Brighton,Tottenham,1–0,3-9-8,9-6-4
Sheffield Utd,West Brom,2–1,2-2-17,2-6-13
Wolves,Arsenal,2–1,6-5-10,9-4-8
Manchester Utd,Southampton,9–0,12-5-4,8-5-7
Newcastle Utd,Crystal Palace,1–2,6-4-11,7-5-9
Burnley,Manchester City,0–2,6-4-10,13-5-2
Fulham,Leicester City,0–2,2-8-10,12-3-6
Leeds United,Everton,1–2,9-2-9,10-3-6
Liverpool,Brighton,0–1,11-7-3,4-9-8
Aston Villa,West Ham,1–3,10-2-7,10-5-6
Tottenham,Chelsea,0–1,9-6-5,9-6-6
Aston Villa,Arsenal,1–0,10-2-8,9-4-9
Burnley,Brighton,1–1,6-4-11,5-9-8
Newcastle Utd,Southampton,3–2,6-4-12,8-5-8
Fulham,West Ham,0–0,2-8-11,11-5-6
Manchester Utd,Everton,3–3,13-5-4,11-3-6
Tottenham,West Brom,2–0,9-6-6,2-6-14
Wolves,Leicester City,0–0,7-5-10,13-3-6
Liverpool,Manchester City,1–4,11-7-4,14-5-2
Sheffield Utd,Chelsea,1–2,3-2-17,10-6-6
Leeds United,Crystal Palace,2–0,9-2-10,8-5-9
Leicester City,Liverpool,3–1,13-4-6,11-7-5
Crystal Palace,Burnley,0–3,8-5-10,6-5-11
Manchester City,Tottenham,3–0,15-5-2,10-6-6
Brighton,Aston Villa,0–0,5-10-8,11-2-8
Southampton,Wolves,1–2,8-5-9,7-6-10
West Brom,Manchester Utd,1–1,2-6-15,13-6-4
Arsenal,Leeds United,4–2,9-4-10,10-2-10
Everton,Fulham,0–2,11-4-6,2-9-11
West Ham,Sheffield Utd,3–0,11-6-6,3-2-18
Chelsea,Newcastle Utd,2–0,11-6-6,7-4-12
Burnley,Fulham,1–1,7-5-11,3-9-11
Everton,Manchester City,1–3,11-4-7,16-5-2
Wolves,Leeds United,1–0,8-6-10,10-2-11
Southampton,Chelsea,1–1,8-5-10,12-6-6
Burnley,West Brom,0–0,7-6-11,2-7-15
Liverpool,Everton,0–2,11-7-6,11-4-8
Fulham,Sheffield Utd,1–0,3-10-11,3-2-19
West Ham,Tottenham,2–1,12-6-6,10-6-7
Aston Villa,Leicester City,1–2,11-3-8,14-4-6
Arsenal,Manchester City,0–1,10-4-10,17-5-2
Manchester Utd,Newcastle Utd,3–1,13-7-4,7-4-13
Brighton,Crystal Palace,1–2,5-11-8,8-5-11
Leeds United,Southampton,3–0,10-2-12,8-6-10
Manchester City,West Ham,2–1,18-5-2,13-6-6
West Brom,Brighton,1–0,2-8-15,5-11-9
Leeds United,Aston Villa,0–1,11-2-12,11-3-9
Newcastle Utd,Wolves,1–1,7-4-14,9-6-10
Crystal Palace,Fulham,0–0,9-5-11,4-10-11
Leicester City,Arsenal,1–3,15-4-6,10-4-11
Tottenham,Burnley,4–0,10-6-8,7-7-11
Chelsea,Manchester Utd,0–0,12-7-6,14-7-4
Sheffield Utd,Liverpool,0–2,3-2-20,11-7-7
Everton,Southampton,1–0,12-4-8,8-6-11
Manchester City,Wolves,4–1,19-5-2,9-7-10
Sheffield Utd,Aston Villa,1–0,3-2-21,12-3-9
Burnley,Leicester City,1–1,7-7-12,15-4-7
Crystal Palace,Manchester Utd,0–0,9-6-11,14-8-4
West Brom,Everton,0–1,3-8-15,13-4-8
Fulham,Tottenham,0–1,4-11-11,11-6-8
Liverpool,Chelsea,0–1,12-7-7,12-8-6
Burnley,Arsenal,1–1,7-8-12,11-4-11
Sheffield Utd,Southampton,0–2,4-2-21,8-6-12
Aston Villa,Wolves,0–0,12-3-10,9-7-11
Brighton,Leicester City,1–2,5-11-10,15-5-7
West Brom,Newcastle Utd,0–0,3-8-16,7-5-14
Liverpool,Fulham,0–1,12-7-8,4-11-12
Manchester City,Manchester Utd,0–2,20-5-2,14-9-4
Tottenham,Crystal Palace,4–1,12-6-8,9-7-11
Chelsea,Everton,2–0,13-8-6,14-4-8
West Ham,Leeds United,2–0,13-6-7,11-2-13
Manchester City,Southampton,5–2,20-5-3,9-6-12
Newcastle Utd,Aston Villa,1–1,7-6-14,12-4-10
Leeds United,Chelsea,0–0,11-2-14,14-8-6
Crystal Palace,West Brom,1–0,9-7-12,3-9-16
Everton,Burnley,1–2,14-4-9,7-9-12
Fulham,Manchester City,0–3,5-11-12,21-5-3
Southampton,Brighton,1–2,9-6-13,5-11-11
Leicester City,Sheffield Utd,5–0,16-5-7,4-2-22
Arsenal,Tottenham,2–1,11-5-11,13-6-8
Manchester Utd,West Ham,1–0,15-9-4,14-6-7
Wolves,Liverpool,0–1,9-8-11,12-7-9
Fulham,Leeds United,1–2,5-11-13,11-3-14
Brighton,Newcastle Utd,3–0,6-11-11,7-7-14
West Ham,Arsenal,3–3,14-6-8,12-5-11
Aston Villa,Tottenham,0–2,12-5-10,13-6-9
Chelsea,West Brom,2–5,14-9-6,3-9-17
Leeds United,Sheffield Utd,2–1,12-3-14,4-2-23
Leicester City,Manchester City,0–2,17-5-7,22-5-3
Arsenal,Liverpool,0–3,12-6-11,13-7-9
Southampton,Burnley,3–2,9-6-14,8-9-12
Newcastle Utd,Tottenham,2–2,7-7-15,14-6-9
Aston Villa,Fulham,3–1,12-5-11,5-11-14
Manchester Utd,Brighton,2–1,16-9-4,7-11-11
Everton,Crystal Palace,1–1,14-4-10,10-7-12
Wolves,West Ham,2–3,9-8-12,14-7-8
Fulham,Wolves,0–1,5-11-15,9-8-13
Manchester City,Leeds United,1–2,23-5-3,13-3-14
Liverpool,Aston Villa,2–1,14-7-9,13-5-11
Crystal Palace,Chelsea,1–4,10-8-12,14-9-7
Burnley,Newcastle Utd,1–2,8-9-13,7-8-15
West Ham,Leicester City,3–2,15-7-8,17-5-8
Tottenham,Manchester Utd,1–3,14-7-9,17-9-4
Sheffield Utd,Arsenal,0–3,4-2-24,12-6-12
West Brom,Southampton,3–0,4-9-17,10-6-14
Brighton,Everton,0–0,7-11-12,14-5-10
Everton,Tottenham,2–2,14-6-10,14-7-10
Newcastle Utd,West Ham,3–2,8-8-15,16-7-8
Wolves,Sheffield Utd,1–0,10-8-13,4-2-25
Arsenal,Fulham,1–1,13-6-12,5-11-16
Manchester Utd,Burnley,3–1,18-9-4,8-9-14
Leeds United,Liverpool,1–1,14-3-14,15-7-9
Chelsea,Brighton,0–0,15-9-7,7-12-12
Tottenham,Southampton,2–1,14-8-10,10-6-15
Aston Villa,Manchester City,1–2,13-5-12,23-5-4
Leicester City,West Brom,3–0,17-5-9,5-9-17
Arsenal,Everton,0–1,13-7-12,14-7-10
Liverpool,Newcastle Utd,1–1,15-8-9,9-8-15
West Ham,Chelsea,0–1,16-7-9,15-10-7
Sheffield Utd,Brighton,1–0,4-2-26,7-13-12
Wolves,Burnley,0–4,11-8-13,8-9-15
Leeds United,Manchester Utd,0–0,14-4-14,19-9-4
Aston Villa,West Brom,2–2,13-5-13,5-9-18
Leicester City,Crystal Palace,2–1,18-5-9,10-8-13
Southampton,Leicester City,1–1,10-6-16,19-5-9
Crystal Palace,Manchester City,0–2,10-8-14,24-5-4
Brighton,Leeds United,2–0,7-13-13,14-5-14
Chelsea,Fulham,2–0,16-10-7,5-12-16
Everton,Aston Villa,1–2,15-7-10,13-6-13
Newcastle Utd,Arsenal,0–2,9-9-15,13-7-13
Tottenham,Sheffield Utd,4–0,15-8-10,5-2-26
West Brom,Wolves,1–1,5-10-18,11-8-14
Burnley,West Ham,1–2,9-9-15,16-7-10
Leicester City,Newcastle Utd,2–4,19-6-9,9-9-16
Leeds United,Tottenham,3–1,14-5-15,16-8-10
Sheffield Utd,Crystal Palace,0–2,5-2-27,10-8-15
Manchester City,Chelsea,1–2,25-5-4,17-10-7
Liverpool,Southampton,2–0,15-9-9,10-7-16
Wolves,Brighton,2–1,11-9-14,8-13-13
Aston Villa,Manchester Utd,1–3,14-6-13,19-10-4
West Ham,Everton,0–1,17-7-10,15-7-11
Arsenal,West Brom,3–1,14-7-13,5-11-18
Fulham,Burnley,0–2,5-12-17,9-9-16
Manchester Utd,Leicester City,1–2,20-10-4,19-6-10
Southampton,Crystal Palace,3–1,10-7-17,11-8-15
Chelsea,Arsenal,0–1,18-10-7,15-7-13
Aston Villa,Everton,0–0,14-6-14,16-7-11
Manchester Utd,Liverpool,2–4,20-10-5,16-9-9
Newcastle Utd,Manchester City,3–4,10-9-16,25-5-5
Burnley,Leeds United,0–4,10-9-16,15-5-15
Southampton,Fulham,3–1,11-7-17,5-12-18
Brighton,West Ham,1–1,8-13-14,17-7-11
Crystal Palace,Aston Villa,3–2,11-8-16,14-7-14
Tottenham,Wolves,2–0,16-8-11,12-9-14
West Brom,Liverpool,1–2,5-11-19,17-9-9
Everton,Sheffield Utd,0–1,16-8-11,5-2-28
Manchester Utd,Fulham,1–1,20-10-6,5-12-19
Southampton,Leeds United,0–2,12-7-17,16-5-15
Brighton,Manchester City,3–2,8-14-14,26-5-5
Chelsea,Leicester City,2–1,18-10-8,20-6-10
Newcastle Utd,Sheffield Utd,1–0,10-9-17,6-2-28
Tottenham,Aston Villa,1–2,17-8-11,14-7-15
Everton,Wolves,1–0,16-8-12,12-9-15
Crystal Palace,Arsenal,1–3,12-8-16,16-7-13
Burnley,Liverpool,0–3,10-9-17,18-9-9
West Brom,West Ham,1–3,5-11-20,17-8-11
Aston Villa,Chelsea,2–1,15-7-15,19-10-8
Leicester City,Tottenham,2–4,20-6-11,17-8-12
Manchester City,Everton,5–0,26-5-6,17-8-12
Sheffield Utd,Burnley,1–0,6-2-29,10-9-18
Wolves,Manchester Utd,1–2,12-9-16,20-11-6
West Ham,Southampton,3–0,18-8-11,12-7-18
Leeds United,West Brom,3–1,17-5-15,5-11-21
Arsenal,Brighton,2–0,17-7-13,9-14-14
Liverpool,Crystal Palace,2–0,19-9-9,12-8-17
Fulham,Newcastle Utd,0–2,5-13-19,11-9-17
