,Name,Nation,Pos,Age,MP,Starts,Mins,nineties,Gls,Ast,xG,xAG,Team
0,Virgil van Dijk,NED,DF,33,7.0,7,630.0,7.0,0.0,0.0,0.2,0.2,Liverpool
1,Ryan Gravenberch,NED,MF,22,7.0,7,629.0,7.0,0.0,0.0,0.1,0.4,Liverpool
2,Mohamed Salah,EGY,FW,32,7.0,7,604.0,6.7,4.0,4.0,4.1,2.1,Liverpool
3,Trent Alexander-Arnold,ENG,DF,26,7.0,7,582.0,6.5,0.0,1.0,0.3,2.1,Liverpool
4,Alexis Mac Allister,ARG,MF,25,7.0,7,554.0,6.2,0.0,0.0,0.2,1.0,Liverpool
5,Ibrahima Konaté,FRA,DF,25,7.0,6,569.0,6.3,1.0,1.0,0.4,0.2,Liverpool
6,Dominik Szoboszlai,HUN,MF,23,7.0,6,537.0,6.0,0.0,1.0,1.2,1.1,Liverpool
7,Alisson,BRA,GK,32,6.0,6,528.0,5.9,0.0,0.0,0.0,0.0,Liverpool
8,Andrew Robertson,SCO,DF,30,7.0,6,514.0,5.7,0.0,0.0,0.4,1.5,Liverpool
9,Diogo Jota,POR,FW,27,6.0,6,463.0,5.1,2.0,2.0,2.7,0.8,Liverpool
10,Luis Díaz,COL,FW,27,7.0,6,446.0,5.0,5.0,1.0,2.7,1.1,Liverpool
11,Cody Gakpo,NED,FW,25,7.0,1,214.0,2.4,0.0,1.0,0.5,0.7,Liverpool
12,Curtis Jones,ENG,MF,23,4.0,1,152.0,1.7,0.0,0.0,0.3,0.0,Liverpool
13,Darwin Núñez,URU,FW,25,4.0,1,136.0,1.5,1.0,0.0,0.5,0.0,Liverpool
14,Kostas Tsimikas,GRE,DF,28,4.0,1,114.0,1.3,0.0,0.0,0.0,0.0,Liverpool
15,Caoimhín Kelleher,IRL,GK,25,1.0,1,90.0,1.0,0.0,0.0,0.0,0.0,Liverpool
16,Jarell Quansah,ENG,DF,21,1.0,1,45.0,0.5,0.0,0.0,0.0,0.0,Liverpool
17,Conor Bradley,NIR,DF,21,4.0,0,79.0,0.9,0.0,0.0,0.2,0.0,Liverpool
18,Federico Chiesa,ITA,FW,26,1.0,0,19.0,0.2,0.0,0.0,0.2,0.0,Liverpool
19,Vitezslav Jaros,CZE,GK,23,1.0,0,12.0,0.1,0.0,0.0,0.0,0.0,Liverpool
20,Harvey Elliott,ENG,FW,21,1.0,0,8.0,0.1,0.0,0.0,0.0,0.0,Liverpool
21,Wataru Endo,JPN,MF,31,2.0,0,3.0,0.0,0.0,0.0,0.0,0.0,Liverpool
22,Joe Gomez,ENG,DF,27,1.0,0,2.0,0.0,0.0,0.0,0.0,0.0,Liverpool
23,Ederson,BRA,GK,31,,7,630.0,7.0,0.0,1.0,0.0,0.4,Manchester City
24,Erling Haaland,NOR,FW,24,,7,629.0,7.0,10.0,0.0,6.5,0.5,Manchester City
25,Manuel Akanji,SUI,DF,29,,7,601.0,6.7,0.0,0.0,0.1,0.2,Manchester City
26,Joško Gvardiol,CRO,DF,22,,6,582.0,6.5,1.0,0.0,0.4,0.5,Manchester City
27,Rúben Dias,POR,DF,27,,6,547.0,6.1,0.0,0.0,0.5,0.1,Manchester City
28,Bernardo Silva,POR,"MF,FW",30,,6,547.0,6.1,0.0,3.0,0.9,2.3,Manchester City
29,Mateo Kovačić,CRO,MF,30,,6,524.0,5.8,3.0,0.0,0.7,0.3,Manchester City
30,Rico Lewis,ENG,"MF,DF",19,,6,485.0,5.4,0.0,2.0,0.7,0.2,Manchester City
31,İlkay Gündoğan,GER,MF,33,,4,376.0,4.2,0.0,0.0,0.9,0.8,Manchester City
32,Kevin De Bruyne,BEL,MF,33,,4,356.0,4.0,1.0,1.0,1.2,1.7,Manchester City
33,Jeremy Doku,BEL,FW,22,,4,335.0,3.7,1.0,0.0,0.3,1.0,Manchester City
34,Jack Grealish,ENG,"FW,MF",29,,4,328.0,3.6,0.0,1.0,0.5,0.9,Manchester City
35,Sávio,BRA,FW,20,,4,291.0,3.2,0.0,2.0,0.8,1.5,Manchester City
36,Kyle Walker,ENG,DF,34,,3,289.0,3.2,0.0,0.0,0.1,0.3,Manchester City
37,Phil Foden,ENG,"MF,FW",24,,1,168.0,1.9,0.0,0.0,0.2,0.3,Manchester City
38,John Stones,ENG,"DF,MF",30,,1,150.0,1.7,1.0,0.0,0.2,0.0,Manchester City
39,Rodri,ESP,MF,28,,1,65.0,0.7,0.0,0.0,0.0,0.0,Manchester City
40,Matheus Nunes,POR,"FW,MF",26,,0,23.0,0.3,0.0,1.0,0.0,0.5,Manchester City
41,Nathan Aké,NED,DF,29,,0,3.0,0.0,0.0,0.0,0.0,0.0,Manchester City
42,James Mcatee,ENG,FW,21,,0,1.0,0.0,0.0,0.0,0.0,0.0,Manchester City
43,Scott Carson,ENG,GK,39,,0,,,,,,,Manchester City
44,Issa Kaboré,BFA,"DF,MF",23,,0,,,,,,,Manchester City
45,Stefan Ortega,GER,GK,31,,0,,,,,,,Manchester City
46,Nico O’Reilly,ENG,FW,19,,0,,,,,,,Manchester City
47,Kai Havertz,GER,"FW,MF",25,,7,630.0,7.0,4.0,1.0,4.3,0.9,Arsenal
48,Gabriel Magalhães,BRA,DF,26,,7,630.0,7.0,2.0,0.0,1.4,0.3,Arsenal
49,David Raya,ESP,GK,29,,7,630.0,7.0,0.0,0.0,0.0,0.0,Arsenal
50,William Saliba,FRA,DF,23,,7,630.0,7.0,0.0,0.0,0.0,0.0,Arsenal
51,Thomas Partey,GHA,"MF,DF",31,,7,617.0,6.9,1.0,0.0,0.3,0.2,Arsenal
52,Bukayo Saka,ENG,"MF,FW",23,,7,566.0,6.3,2.0,7.0,2.0,3.5,Arsenal
53,Declan Rice,ENG,MF,25,,6,492.0,5.5,0.0,0.0,0.4,0.8,Arsenal
54,Jurriën Timber,NED,DF,23,,5,448.0,5.0,0.0,1.0,0.3,0.4,Arsenal
55,Gabriel Martinelli,BRA,"MF,FW",23,,5,440.0,4.9,2.0,2.0,1.0,1.6,Arsenal
56,Ben White,ENG,DF,27,,4,405.0,4.5,0.0,0.0,0.1,0.0,Arsenal
57,Leandro Trossard,BEL,FW,29,,4,338.0,3.8,2.0,0.0,1.5,0.7,Arsenal
58,Riccardo Calafiori,ITA,DF,22,,3,296.0,3.3,1.0,0.0,0.5,0.1,Arsenal
59,Martin Ødegaard,NOR,MF,25,,3,253.0,2.8,0.0,0.0,0.4,0.3,Arsenal
60,Jorginho,ITA,MF,32,,2,150.0,1.7,0.0,0.0,0.0,0.0,Arsenal
61,Raheem Sterling,ENG,"MF,FW",29,,1,87.0,1.0,0.0,0.0,0.3,0.0,Arsenal
62,Gabriel Jesus,BRA,"FW,MF",27,,1,81.0,0.9,0.0,0.0,0.5,0.4,Arsenal
63,Oleksandr Zinchenko,UKR,DF,27,,1,79.0,0.9,0.0,0.0,0.0,0.0,Arsenal
64,Mikel Merino,ESP,MF,28,,0,30.0,0.3,0.0,0.0,0.0,0.1,Arsenal
65,Jakub Kiwior,POL,DF,24,,0,18.0,0.2,0.0,0.0,0.0,0.0,Arsenal
66,Ethan Nwaneri,ENG,"MF,FW",17,,0,11.0,0.1,0.0,0.0,0.0,0.1,Arsenal
67,Takehiro Tomiyasu,JPN,DF,25,,0,7.0,0.1,0.0,0.0,0.2,0.0,Arsenal
68,Reiss Nelson,ENG,FW,24,,0,3.0,0.0,0.0,0.0,0.0,0.0,Arsenal
69,Myles Lewis-Skelly,ENG,DF,18,,0,1.0,0.0,0.0,0.0,0.0,0.0,Arsenal
70,Nathan Butler-Oyedeji,ENG,FW,21,,0,,,,,,,Arsenal
71,Ayden Heaven,ENG,MF,18,,0,,,,,,,Arsenal
72,Ismeal Kabia,ENG,MF,18,,0,,,,,,,Arsenal
73,Maldini Kacurri,ALB,DF,19,,0,,,,,,,Arsenal
74,Neto,BRA,GK,35,,0,,,,,,,Arsenal
75,Josh Nichols,ENG,DF,18,,0,,,,,,,Arsenal
76,Eddie Nketiah,ENG,FW,25,,0,,,,,,,Arsenal
77,Salah Oulad M'Hand,NED,MF,21,,0,,,,,,,Arsenal
78,Aaron Ramsdale,ENG,GK,26,,0,,,,,,,Arsenal
79,Tommy Setford,ENG,GK,18,,0,,,,,,,Arsenal
80,Robert Sánchez,ESP,GK,26,,7,630.0,7.0,0.0,0.0,0.0,0.0,Chelsea
81,Levi Colwill,ENG,DF,21,,7,629.0,7.0,0.0,0.0,0.2,0.6,Chelsea
82,Moisés Caicedo,ECU,MF,22,,7,615.0,6.8,0.0,1.0,0.2,1.1,Chelsea
83,Wesley Fofana,FRA,DF,23,,7,596.0,6.6,0.0,0.0,0.0,0.4,Chelsea
84,Cole Palmer,ENG,"MF,FW",22,,7,595.0,6.6,6.0,5.0,4.4,3.8,Chelsea
85,Marc Cucurella,ESP,DF,26,,7,590.0,6.6,0.0,0.0,0.0,0.2,Chelsea
86,Nicolas Jackson,SEN,FW,23,,7,522.0,5.8,4.0,3.0,5.2,1.0,Chelsea
87,Enzo Fernández,ARG,MF,23,,6,511.0,5.7,0.0,0.0,0.3,1.0,Chelsea
88,Noni Madueke,ENG,FW,22,,6,477.0,5.3,4.0,0.0,1.9,1.1,Chelsea
89,Malo Gusto,FRA,DF,21,,5,433.0,4.8,0.0,0.0,0.1,0.1,Chelsea
90,Jadon Sancho,ENG,FW,24,,3,260.0,2.9,0.0,3.0,0.1,1.1,Chelsea
91,Pedro Neto,POR,FW,24,,2,243.0,2.7,0.0,1.0,0.1,0.6,Chelsea
92,Christopher Nkunku,FRA,FW,26,,1,131.0,1.5,1.0,0.0,1.6,0.3,Chelsea
93,Renato Veiga,POR,"MF,DF",21,,1,130.0,1.4,0.0,0.0,0.0,0.0,Chelsea
94,Tosin Adarabioyo,ENG,DF,27,,1,121.0,1.3,0.0,0.0,0.0,0.0,Chelsea
95,Axel Disasi,FRA,DF,26,,1,94.0,1.0,0.0,0.0,0.0,0.0,Chelsea
96,Mykhailo Mudryk,UKR,FW,23,,1,83.0,0.9,0.0,0.0,0.0,1.0,Chelsea
97,Roméo Lavia,BEL,MF,20,,1,78.0,0.9,0.0,0.0,0.0,0.5,Chelsea
98,João Félix,POR,"MF,FW",24,,0,122.0,1.4,1.0,0.0,0.7,0.0,Chelsea
99,Kiernan Dewsbury-Hall,ENG,MF,26,,0,46.0,0.5,0.0,0.0,0.0,0.1,Chelsea
100,Marc Guiu,ESP,FW,18,,0,24.0,0.3,0.0,0.0,0.0,0.0,Chelsea
101,Benoît Badiashile,FRA,DF,23,,0,,,,,,,Chelsea
102,Cesare Casadei,ITA,MF,21,,0,,,,,,,Chelsea
103,Filip Jørgensen,DEN,GK,22,,0,,,,,,,Chelsea
104,Emiliano Martínez,ARG,GK,32,7.0,7,630.0,7.0,0.0,0.0,0.0,0.0,Aston Villa
105,Pau Torres,ESP,DF,27,7.0,7,630.0,7.0,0.0,0.0,0.0,0.0,Aston Villa
106,Youri Tielemans,BEL,MF,27,7.0,7,623.0,6.9,0.0,2.0,0.3,1.5,Aston Villa
107,Morgan Rogers,ENG,"MF,FW",22,7.0,7,603.0,6.7,1.0,2.0,0.9,2.1,Aston Villa
108,Ezri Konsa,ENG,DF,26,7.0,7,551.0,6.1,1.0,0.0,0.3,0.0,Aston Villa
109,Ollie Watkins,ENG,FW,28,7.0,7,530.0,5.9,4.0,2.0,3.6,0.7,Aston Villa
110,Lucas Digne,FRA,DF,31,7.0,7,518.0,5.8,0.0,2.0,0.0,1.1,Aston Villa
111,Amadou Onana,BEL,MF,23,6.0,6,421.0,4.7,2.0,0.0,1.1,0.1,Aston Villa
112,John McGinn,SCO,"FW,MF",29,5.0,5,349.0,3.9,0.0,0.0,0.5,0.1,Aston Villa
113,Leon Bailey,JAM,"FW,MF",27,6.0,5,348.0,3.9,0.0,1.0,0.3,0.7,Aston Villa
114,Jacob Ramsey,ENG,"FW,MF",23,6.0,3,337.0,3.7,0.0,1.0,0.5,0.6,Aston Villa
115,Matty Cash,POL,DF,27,3.0,3,186.0,2.1,0.0,0.0,0.0,0.1,Aston Villa
116,Diego Carlos,BRA,DF,31,3.0,2,259.0,2.9,0.0,0.0,0.0,0.0,Aston Villa
117,Lamare Bogarde,NED,DF,20,2.0,2,168.0,1.9,0.0,0.0,0.0,0.1,Aston Villa
118,Ross Barkley,ENG,MF,30,6.0,1,216.0,2.4,0.0,1.0,0.1,0.2,Aston Villa
119,Jaden Philogene Bidace,ENG,"FW,MF",22,4.0,1,135.0,1.5,0.0,0.0,0.2,0.0,Aston Villa
120,Jhon Durán,COL,FW,20,7.0,0,191.0,2.1,4.0,0.0,2.1,0.0,Aston Villa
121,Ian Maatsen,NED,"DF,MF",22,7.0,0,124.0,1.4,0.0,0.0,0.0,0.8,Aston Villa
122,Kosta Nedeljković,SRB,DF,18,3.0,0,96.0,1.1,0.0,0.0,0.0,0.0,Aston Villa
123,Emi Buendía,ARG,"MF,FW",27,3.0,0,15.0,0.2,0.0,0.0,0.1,0.0,Aston Villa
124,Joe Gauci,AUS,GK,24,0.0,0,,,,,,,Aston Villa
125,Sil Swinkels,NED,DF,20,0.0,0,,,,,,,Aston Villa
126,Kadan Young,ENG,MF,18,0.0,0,,,,,,,Aston Villa
127,Oliwier Zych,POL,GK,20,0.0,0,,,,,,,Aston Villa
128,Kaoru Mitoma,JPN,"FW,MF",27,7.0,7,621.0,6.9,1.0,2.0,1.8,2.1,Brighton and Hove Albion
129,Lewis Dunk,ENG,DF,32,7.0,7,615.0,6.8,0.0,0.0,0.2,0.4,Brighton and Hove Albion
130,Jack Hinshelwood,ENG,"DF,MF",19,7.0,7,607.0,6.7,1.0,0.0,0.4,0.3,Brighton and Hove Albion
131,Danny Welbeck,ENG,FW,33,7.0,7,596.0,6.6,4.0,1.0,3.5,0.4,Brighton and Hove Albion
132,Joël Veltman,NED,DF,32,6.0,6,521.0,5.8,0.0,0.0,0.1,0.1,Brighton and Hove Albion
133,Jan Paul van Hecke,NED,DF,24,5.0,5,450.0,5.0,0.0,1.0,0.1,0.1,Brighton and Hove Albion
134,Bart Verbruggen,NED,GK,22,5.0,5,450.0,5.0,0.0,0.0,0.0,0.0,Brighton and Hove Albion
135,Carlos Baleba,CMR,MF,20,6.0,5,422.0,4.7,1.0,1.0,0.7,0.2,Brighton and Hove Albion
136,Yankuba Minteh,GAM,"FW,MF",20,7.0,5,406.0,4.5,1.0,1.0,0.8,1.5,Brighton and Hove Albion
137,Georginio Rutter,FRA,"FW,MF",22,6.0,4,298.0,3.3,2.0,0.0,1.3,0.4,Brighton and Hove Albion
138,João Pedro,BRA,"MF,FW",23,4.0,3,281.0,3.1,2.0,0.0,0.8,0.2,Brighton and Hove Albion
139,James Milner,ENG,MF,38,3.0,3,169.0,1.9,0.0,0.0,0.2,0.2,Brighton and Hove Albion
140,Pervis Estupiñán,ECU,DF,26,4.0,2,235.0,2.6,0.0,0.0,0.1,0.2,Brighton and Hove Albion
141,Mats Wieffer,NED,MF,24,4.0,2,192.0,2.1,0.0,1.0,0.0,0.1,Brighton and Hove Albion
142,Jason Steele,ENG,GK,34,2.0,2,180.0,2.0,0.0,0.0,0.0,0.0,Brighton and Hove Albion
143,Ferdi Kadioglu,TUR,DF,25,3.0,2,138.0,1.5,0.0,0.0,0.0,0.1,Brighton and Hove Albion
144,Adam Webster,ENG,DF,29,3.0,2,79.0,0.9,0.0,0.0,0.0,0.0,Brighton and Hove Albion
145,Yasin Ayari,SWE,MF,21,5.0,1,201.0,2.2,0.0,0.0,0.5,0.1,Brighton and Hove Albion
146,Simon Adingra,CIV,"FW,MF",22,5.0,1,137.0,1.5,1.0,1.0,0.3,0.5,Brighton and Hove Albion
147,Billy Gilmour,SCO,MF,23,2.0,1,98.0,1.1,0.0,0.0,0.1,0.0,Brighton and Hove Albion
148,Igor,BRA,DF,26,2.0,0,116.0,1.3,0.0,0.0,0.0,0.0,Brighton and Hove Albion
149,Julio Enciso,PAR,"MF,FW",20,5.0,0,80.0,0.9,0.0,0.0,0.2,0.1,Brighton and Hove Albion
150,Evan Ferguson,IRL,FW,19,3.0,0,25.0,0.3,0.0,0.0,0.1,0.0,Brighton and Hove Albion
151,Jeremy Sarmiento,ECU,MF,22,1.0,0,9.0,0.1,0.0,0.0,0.0,0.0,Brighton and Hove Albion
152,Brajan Gruda,GER,FW,20,1.0,0,4.0,0.0,0.0,0.0,0.0,0.0,Brighton and Hove Albion
153,Valentín Barco,ARG,DF,20,0.0,0,,,,,,,Brighton and Hove Albion
154,Tariq Lamptey,GHA,"DF,MF",24,0.0,0,,,,,,,Brighton and Hove Albion
155,Jakub Moder,POL,MF,25,0.0,0,,,,,,,Brighton and Hove Albion
156,Mark O'Mahony,IRL,FW,19,0.0,0,,,,,,,Brighton and Hove Albion
157,Carl Rushworth,ENG,GK,23,0.0,0,,,,,,,Brighton and Hove Albion
158,Imari Samuels,ENG,DF,21,0.0,0,,,,,,,Brighton and Hove Albion
159,Dan Burn,ENG,DF,32,7.0,7,630.0,7.0,0.0,0.0,0.4,0.1,Newcastle United
160,Nick Pope,ENG,GK,32,7.0,7,630.0,7.0,0.0,0.0,0.0,0.0,Newcastle United
161,Bruno Guimarães,BRA,MF,26,7.0,7,626.0,7.0,0.0,1.0,0.4,0.2,Newcastle United
162,Anthony Gordon,ENG,FW,23,7.0,7,598.0,6.6,2.0,0.0,2.8,1.2,Newcastle United
163,Joelinton,BRA,MF,28,7.0,7,568.0,6.3,1.0,0.0,1.1,0.6,Newcastle United
164,Jacob Murphy,ENG,FW,29,7.0,5,409.0,4.5,0.0,2.0,0.3,1.3,Newcastle United
165,Alexander Isak,SWE,FW,25,5.0,5,405.0,4.5,1.0,1.0,1.5,0.5,Newcastle United
166,Fabian Schär,SUI,DF,32,5.0,5,387.0,4.3,1.0,0.0,0.6,0.0,Newcastle United
167,Lewis Hall,ENG,DF,20,7.0,4,429.0,4.8,0.0,0.0,0.0,0.5,Newcastle United
168,Harvey Barnes,ENG,FW,26,7.0,4,385.0,4.3,3.0,1.0,1.8,1.6,Newcastle United
169,Valentino Livramento,ENG,DF,21,7.0,4,350.0,3.9,0.0,0.0,0.0,0.1,Newcastle United
170,Sean Longstaff,ENG,MF,26,6.0,4,305.0,3.4,0.0,0.0,0.2,0.0,Newcastle United
171,Kieran Trippier,ENG,DF,34,5.0,3,280.0,3.1,0.0,0.0,0.0,0.2,Newcastle United
172,Lloyd Kelly,ENG,DF,26,5.0,3,205.0,2.3,0.0,1.0,0.2,0.5,Newcastle United
173,Emil Krafth,SWE,DF,30,3.0,2,241.0,2.7,0.0,0.0,0.0,0.1,Newcastle United
174,Sandro Tonali,ITA,MF,24,5.0,2,231.0,2.6,0.0,0.0,0.7,0.1,Newcastle United
175,Joe Willock,ENG,"MF,FW",25,5.0,1,148.0,1.6,0.0,1.0,0.2,0.6,Newcastle United
176,Miguel Almirón,PAR,FW,30,3.0,0,32.0,0.4,0.0,0.0,0.2,0.2,Newcastle United
177,William Osula,DEN,FW,21,1.0,0,8.0,0.1,0.0,0.0,0.0,0.0,Newcastle United
178,Martin Dúbravka,SVK,GK,35,0.0,0,,,,,,,Newcastle United
179,Alex Murphy,IRL,DF,20,0.0,0,,,,,,,Newcastle United
180,John Ruddy,ENG,GK,37,0.0,0,,,,,,,Newcastle United
181,Matt Targett,ENG,"DF,MF",29,0.0,0,,,,,,,Newcastle United
182,Odisseas Vlachodimos,GRE,GK,30,0.0,0,,,,,,,Newcastle United
183,Calvin Bassey,NGA,DF,24,7.0,7,630.0,7.0,0.0,0.0,0.2,0.0,Fulham
184,Bernd Leno,GER,GK,32,7.0,7,630.0,7.0,0.0,0.0,0.0,0.0,Fulham
185,Antonee Robinson,USA,DF,27,7.0,7,630.0,7.0,0.0,2.0,0.1,0.6,Fulham
186,Kenny Tete,NED,DF,29,7.0,7,616.0,6.8,0.0,0.0,0.7,0.0,Fulham
187,Alex Iwobi,NGA,"FW,DF",28,7.0,7,587.0,6.5,1.0,1.0,0.8,1.7,Fulham
188,Adama Traoré,ESP,"FW,MF",28,7.0,7,556.0,6.2,1.0,2.0,2.5,1.7,Fulham
189,Saša Lukić,SRB,MF,28,7.0,7,547.0,6.1,0.0,0.0,0.0,0.3,Fulham
190,Andreas Pereira,BRA,MF,28,7.0,7,543.0,6.0,1.0,0.0,1.0,1.2,Fulham
191,Emile Smith Rowe,ENG,MF,24,7.0,6,470.0,5.2,2.0,1.0,1.5,0.4,Fulham
192,Joachim Andersen,DEN,DF,28,4.0,4,360.0,4.0,0.0,0.0,0.1,0.2,Fulham
193,Raúl Jiménez,MEX,FW,33,7.0,4,339.0,3.8,3.0,1.0,2.1,1.6,Fulham
194,Rodrigo Muniz,BRA,FW,23,7.0,3,291.0,3.2,1.0,1.0,1.4,0.5,Fulham
195,Issa Diop,FRA,DF,27,5.0,3,280.0,3.1,0.0,0.0,0.2,0.0,Fulham
196,Sander Berge,NOR,MF,26,5.0,1,175.0,1.9,0.0,0.0,0.0,0.1,Fulham
197,Tom Cairney,SCO,MF,33,5.0,0,97.0,1.1,0.0,0.0,0.0,0.3,Fulham
198,Reiss Nelson,ENG,"FW,MF",24,4.0,0,78.0,0.9,1.0,1.0,0.4,0.3,Fulham
199,Harrison Reed,ENG,MF,29,6.0,0,47.0,0.5,0.0,0.0,0.0,0.1,Fulham
200,Harry Wilson,WAL,FW,27,3.0,0,39.0,0.4,0.0,0.0,0.0,0.0,Fulham
201,Timothy Castagne,BEL,DF,28,1.0,0,14.0,0.2,0.0,0.0,0.0,0.0,Fulham
202,Jay Stansfield,ENG,MF,21,1.0,0,1.0,0.0,0.0,0.0,0.0,0.0,Fulham
203,Steven Benda,GER,GK,26,0.0,0,,,,,,,Fulham
204,Jorge Cuenca,ESP,DF,24,0.0,0,,,,,,,Fulham
205,Joshua King,ENG,MF,17,0.0,0,,,,,,,Fulham
206,Ryan Sessegnon,ENG,"DF,FW",24,0.0,0,,,,,,,Fulham
207,Cristian Romero,ARG,DF,26,7.0,7,630.0,7.0,1.0,0.0,1.0,0.3,Tottenham Hotspur
208,Guglielmo Vicario,ITA,GK,28,7.0,7,630.0,7.0,0.0,0.0,0.0,0.0,Tottenham Hotspur
209,Pedro Porro,ESP,DF,25,7.0,7,626.0,7.0,1.0,0.0,0.5,1.0,Tottenham Hotspur
210,Destiny Udogie,ITA,DF,21,7.0,7,567.0,6.3,0.0,0.0,0.2,0.2,Tottenham Hotspur
211,James Maddison,ENG,MF,27,7.0,7,563.0,6.3,2.0,2.0,2.1,1.4,Tottenham Hotspur
212,Micky van de Ven,NED,DF,23,6.0,6,530.0,5.9,0.0,2.0,0.1,1.2,Tottenham Hotspur
213,Dejan Kulusevski,SWE,"MF,FW",24,7.0,6,528.0,5.9,1.0,1.0,1.1,1.9,Tottenham Hotspur
214,Brennan Johnson,WAL,FW,23,7.0,6,513.0,5.7,3.0,0.0,2.9,0.5,Tottenham Hotspur
215,Son Heung-min,KOR,FW,32,5.0,5,449.0,5.0,2.0,2.0,1.4,1.7,Tottenham Hotspur
216,Dominic Solanke,ENG,FW,27,5.0,5,447.0,5.0,2.0,1.0,3.4,0.7,Tottenham Hotspur
217,Rodrigo Bentancur,URU,MF,27,6.0,5,383.0,4.3,0.0,0.0,0.3,0.1,Tottenham Hotspur
218,Pape Matar Sarr,SEN,MF,22,7.0,2,216.0,2.4,0.0,1.0,0.6,1.0,Tottenham Hotspur
219,Timo Werner,GER,FW,28,5.0,2,195.0,2.2,0.0,1.0,0.7,0.2,Tottenham Hotspur
220,Yves Bissouma,MLI,MF,28,4.0,2,193.0,2.1,1.0,0.0,0.1,0.2,Tottenham Hotspur
221,Wilson Odobert,FRA,FW,19,3.0,2,162.0,1.8,0.0,0.0,0.4,0.1,Tottenham Hotspur
222,Radu Drăgușin,ROU,DF,22,2.0,1,100.0,1.1,0.0,0.0,0.0,0.0,Tottenham Hotspur
223,Djed Spence,ENG,DF,24,3.0,0,64.0,0.7,0.0,0.0,0.0,0.0,Tottenham Hotspur
224,Lucas Bergvall,SWE,"MF,FW",18,5.0,0,51.0,0.6,0.0,0.0,0.1,0.2,Tottenham Hotspur
225,Archie Gray,ENG,"MF,DF",18,3.0,0,34.0,0.4,0.0,0.0,0.0,0.0,Tottenham Hotspur
226,Richarlison,BRA,"FW,MF",27,2.0,0,25.0,0.3,0.0,0.0,0.2,0.0,Tottenham Hotspur
227,Mikey Moore,ENG,FW,17,3.0,0,24.0,0.3,0.0,0.0,0.0,0.0,Tottenham Hotspur
228,Brandon Austin,ENG,GK,25,0.0,0,,,,,,,Tottenham Hotspur
229,Ben Davies,WAL,"DF,MF",31,0.0,0,,,,,,,Tottenham Hotspur
230,Alfie Devine,ENG,MF,20,0.0,0,,,,,,,Tottenham Hotspur
231,Fraser Forster,ENG,GK,36,0.0,0,,,,,,,Tottenham Hotspur
232,Will Lankshear,ENG,FW,19,0.0,0,,,,,,,Tottenham Hotspur
233,Murillo,BRA,DF,22,,7,630.0,7.0,0.0,0.0,0.1,0.4,Nottingham Forest
234,Matz Sels,BEL,GK,32,,7,630.0,7.0,0.0,0.0,0.0,0.0,Nottingham Forest
235,Ola Aina,NGA,DF,28,,7,593.0,6.6,0.0,0.0,0.1,0.3,Nottingham Forest
236,Chris Wood,NZL,FW,32,,7,558.0,6.2,4.0,0.0,2.5,0.7,Nottingham Forest
237,Nikola Milenković,SRB,DF,27,,6,540.0,6.0,0.0,1.0,1.1,0.2,Nottingham Forest
238,Morgan Gibbs-White,ENG,MF,24,,6,506.0,5.6,1.0,0.0,0.8,0.8,Nottingham Forest
239,Elliot Anderson,ENG,"MF,FW",21,,6,421.0,4.7,0.0,1.0,0.2,0.2,Nottingham Forest
240,Callum Hudson-Odoi,ENG,FW,23,,5,481.0,5.3,1.0,0.0,0.6,0.9,Nottingham Forest
241,Anthony Elanga,SWE,FW,22,,4,361.0,4.0,0.0,1.0,0.6,0.6,Nottingham Forest
242,Álex Moreno,ESP,DF,31,,4,288.0,3.2,0.0,0.0,0.1,0.0,Nottingham Forest
243,James Ward-Prowse,ENG,MF,29,,4,286.0,3.2,0.0,0.0,0.1,0.0,Nottingham Forest
244,Ryan Yates,ENG,MF,26,,3,449.0,5.0,0.0,0.0,0.5,0.4,Nottingham Forest
245,Neco Williams,WAL,DF,23,,3,342.0,3.8,0.0,0.0,0.6,0.2,Nottingham Forest
246,Ibrahim Sangaré,CIV,MF,26,,3,212.0,2.4,0.0,0.0,0.0,0.0,Nottingham Forest
247,Nicolás Domínguez,ARG,"MF,FW",26,,2,177.0,2.0,0.0,0.0,0.1,0.0,Nottingham Forest
248,Willy Boly,CIV,DF,33,,1,91.0,1.0,0.0,0.0,0.1,0.0,Nottingham Forest
249,Taiwo Awoniyi,NGA,FW,27,,1,80.0,0.9,0.0,0.0,0.3,0.0,Nottingham Forest
250,Danilo,BRA,MF,23,,1,14.0,0.2,0.0,0.0,0.0,0.0,Nottingham Forest
251,Jota Silva,POR,"MF,FW",25,,0,116.0,1.3,0.0,1.0,0.2,0.7,Nottingham Forest
252,Ramón Sosa,PAR,"MF,FW",25,,0,59.0,0.7,1.0,0.0,0.5,0.2,Nottingham Forest
253,Morato,BRA,DF,23,,0,38.0,0.4,0.0,0.0,0.0,0.0,Nottingham Forest
254,Harry Toffolo,ENG,DF,29,,0,37.0,0.4,0.0,0.0,0.0,0.0,Nottingham Forest
255,Carlos Miguel,BRA,GK,26,,0,,,,,,,Nottingham Forest
256,Andrew Omobamidele,IRL,DF,22,,0,,,,,,,Nottingham Forest
257,Eric da Silva Moreira,GER,DF,18,,0,,,,,,,Nottingham Forest
258,Nathan Collins,IRL,DF,23,7.0,7,630.0,7.0,1.0,0.0,1.3,0.0,Brentford
259,Mark Flekken,NED,GK,31,7.0,7,630.0,7.0,0.0,0.0,0.0,0.0,Brentford
260,Ethan Pinnock,JAM,DF,31,7.0,7,630.0,7.0,1.0,0.0,0.4,0.0,Brentford
261,Bryan Mbeumo,CMR,FW,25,7.0,7,629.0,7.0,6.0,0.0,2.8,1.7,Brentford
262,Vitaly Janelt,GER,"MF,DF",26,7.0,7,560.0,6.2,0.0,1.0,0.2,0.5,Brentford
263,Kristoffer Ajer,NOR,DF,26,7.0,7,546.0,6.1,0.0,0.0,0.3,0.2,Brentford
264,Mikkel Damsgaard,DEN,MF,24,7.0,5,463.0,5.1,0.0,2.0,0.3,1.6,Brentford
265,Keane Lewis-Potter,ENG,"DF,MF",23,7.0,5,458.0,5.1,0.0,1.0,0.4,0.5,Brentford
266,Christian Nørgaard,DEN,MF,30,5.0,5,436.0,4.8,1.0,0.0,0.9,0.2,Brentford
267,Sepp van den Berg,NED,DF,22,5.0,4,376.0,4.2,0.0,0.0,0.2,0.1,Brentford
268,Kevin Schade,GER,"FW,MF",22,7.0,4,374.0,4.2,0.0,0.0,1.0,0.1,Brentford
269,Yoane Wissa,COD,FW,28,4.0,4,289.0,3.2,3.0,1.0,2.4,0.3,Brentford
270,Mathias Jensen,DEN,MF,28,3.0,3,238.0,2.6,0.0,1.0,0.1,0.7,Brentford
271,Mads Roerslev,DEN,DF,25,6.0,2,264.0,2.9,0.0,0.0,0.0,0.2,Brentford
272,Fabio Carvalho,POR,"FW,MF",22,7.0,2,244.0,2.7,1.0,1.0,1.0,0.5,Brentford
273,Yehor Yarmoliuk,UKR,MF,20,4.0,1,114.0,1.3,0.0,0.0,0.1,0.0,Brentford
274,Frank Onyeka,NGA,MF,26,2.0,0,25.0,0.3,0.0,0.0,0.0,0.0,Brentford
275,Yunus Emre Konak,TUR,"MF,FW",18,3.0,0,19.0,0.2,0.0,0.0,0.2,0.0,Brentford
276,Ryan Trevitt,ENG,MF,21,1.0,0,4.0,0.0,0.0,0.0,0.0,0.0,Brentford
277,Ben Mee,ENG,DF,35,1.0,0,1.0,0.0,0.0,0.0,0.0,0.0,Brentford
278,Kim Jisoo,KOR,DF,19,0.0,0,,,,,,,Brentford
279,Jayden Meghoma,ENG,DF,18,0.0,0,,,,,,,Brentford
280,Myles Peart-Harris,ENG,MF,22,0.0,0,,,,,,,Brentford
281,Hákon Rafn Valdimarsson,ISL,GK,23,0.0,0,,,,,,,Brentford
282,Tony Yogane,ENG,MF,19,0.0,0,,,,,,,Brentford
283,Max Kilman,ENG,DF,27,7.0,7,630.0,7.0,0.0,1.0,0.3,0.2,West Ham United
284,Jarrod Bowen,ENG,"MF,FW",27,7.0,7,606.0,6.7,2.0,2.0,1.0,2.2,West Ham United
285,Alphonse Areola,FRA,GK,31,7.0,7,585.0,6.5,0.0,0.0,0.0,0.0,West Ham United
286,Mohammed Kudus,GHA,"MF,FW",24,7.0,7,578.0,6.4,1.0,0.0,2.1,0.8,West Ham United
287,Guido Rodríguez,ARG,MF,30,7.0,7,529.0,5.9,0.0,0.0,0.1,0.0,West Ham United
288,Emerson Palmieri,ITA,"DF,MF",30,7.0,7,503.0,5.6,0.0,0.0,0.1,0.4,West Ham United
289,Lucas Paquetá,BRA,MF,27,7.0,6,526.0,5.8,2.0,0.0,2.0,0.6,West Ham United
290,Michail Antonio,JAM,FW,34,7.0,6,428.0,4.8,1.0,1.0,1.8,0.7,West Ham United
291,Konstantinos Mavropanos,GRE,DF,26,6.0,5,495.0,5.5,0.0,0.0,0.2,0.0,West Ham United
292,Aaron Wan-Bissaka,ENG,"DF,MF",26,6.0,5,479.0,5.3,0.0,0.0,0.0,0.3,West Ham United
293,Tomáš Souček,CZE,MF,29,7.0,5,459.0,5.1,2.0,0.0,2.0,0.4,West Ham United
294,Edson Álvarez,MEX,"MF,DF",26,5.0,3,244.0,2.7,0.0,0.0,0.0,0.1,West Ham United
295,Vladimír Coufal,CZE,DF,32,4.0,2,200.0,2.2,0.0,0.0,0.0,0.1,West Ham United
296,Jean-Clair Todibo,FRA,DF,24,4.0,2,188.0,2.1,0.0,0.0,0.1,0.0,West Ham United
297,Crysencio Summerville,NED,"FW,MF",22,6.0,1,144.0,1.6,0.0,0.0,0.1,0.3,West Ham United
298,Carlos Soler,ESP,MF,27,4.0,0,124.0,1.4,0.0,0.0,0.2,0.0,West Ham United
299,Niclas Füllkrug,GER,FW,31,3.0,0,66.0,0.7,0.0,0.0,0.3,0.0,West Ham United
300,Łukasz Fabiański,POL,GK,39,1.0,0,45.0,0.5,0.0,0.0,0.0,0.0,West Ham United
301,Danny Ings,ENG,"FW,MF",32,3.0,0,31.0,0.3,1.0,0.0,0.5,0.0,West Ham United
302,Aaron Cresswell,ENG,DF,34,3.0,0,28.0,0.3,0.0,0.0,0.0,0.0,West Ham United
303,Andy Irving,SCO,MF,24,2.0,0,19.0,0.2,0.0,0.0,0.0,0.0,West Ham United
304,James Ward-Prowse,ENG,MF,29,1.0,0,18.0,0.2,0.0,0.0,0.0,0.0,West Ham United
305,Luis Guilherme,BRA,MF,18,1.0,0,5.0,0.1,0.0,0.0,0.0,0.0,West Ham United
306,Kaelan Casey,ENG,DF,19,0.0,0,,,,,,,West Ham United
307,Illia Zabarnyi,UKR,DF,22,7.0,7,630.0,7.0,0.0,0.0,0.3,0.1,Bournemouth
308,Lewis Cook,ENG,MF,27,7.0,7,623.0,6.9,1.0,2.0,0.3,1.7,Bournemouth
309,Antoine Semenyo,GHA,FW,24,7.0,7,607.0,6.7,3.0,1.0,2.3,1.9,Bournemouth
310,Marcus Tavernier,ENG,"MF,FW",25,7.0,7,601.0,6.7,1.0,1.0,2.3,1.2,Bournemouth
311,Milos Kerkez,HUN,DF,20,7.0,7,577.0,6.4,0.0,0.0,0.1,0.2,Bournemouth
312,Ryan Christie,SCO,MF,29,7.0,6,455.0,5.1,0.0,0.0,0.3,0.3,Bournemouth
313,Evanilson,BRA,FW,25,6.0,6,433.0,4.8,1.0,0.0,2.5,0.6,Bournemouth
314,Marcos Senesi,ARG,DF,27,5.0,5,436.0,4.8,0.0,0.0,0.1,0.2,Bournemouth
315,Justin Kluivert,NED,"MF,FW",25,7.0,5,383.0,4.3,0.0,1.0,0.7,0.8,Bournemouth
316,Kepa Arrizabalaga,ESP,GK,30,4.0,4,360.0,4.0,0.0,0.0,0.0,0.0,Bournemouth
317,Adam Smith,ENG,DF,33,7.0,4,328.0,3.6,0.0,0.0,0.0,0.1,Bournemouth
318,Julian Araujo,MEX,DF,23,5.0,3,274.0,3.0,0.0,0.0,0.0,0.0,Bournemouth
319,Dango Ouattara,BFA,"FW,DF",22,6.0,2,262.0,2.9,1.0,1.0,1.5,1.0,Bournemouth
320,Dean Huijsen,ESP,DF,19,3.0,2,194.0,2.2,0.0,0.0,0.0,0.1,Bournemouth
321,Neto,BRA,GK,35,2.0,2,180.0,2.0,0.0,0.0,0.0,0.0,Bournemouth
322,Alex Scott,ENG,MF,21,7.0,1,201.0,2.2,0.0,0.0,0.1,0.1,Bournemouth
323,Luis Sinisterra,COL,"FW,MF",25,7.0,1,180.0,2.0,1.0,1.0,1.1,1.0,Bournemouth
324,Mark Travers,IRL,GK,25,1.0,1,90.0,1.0,0.0,0.0,0.0,0.0,Bournemouth
325,Enes Ünal,TUR,FW,27,4.0,0,55.0,0.6,0.0,0.0,0.6,0.1,Bournemouth
326,Daniel Jebbison,ENG,FW,21,2.0,0,28.0,0.3,0.0,0.0,0.0,0.0,Bournemouth
327,Philip Billing,DEN,MF,28,2.0,0,23.0,0.3,0.0,0.0,0.0,0.0,Bournemouth
328,David Brooks,WAL,MF,27,1.0,0,10.0,0.1,0.0,0.0,0.0,0.3,Bournemouth
329,Max Aarons,ENG,DF,24,0.0,0,,,,,,,Bournemouth
330,Jaidon Anthony,ENG,"FW,MF",24,0.0,0,,,,,,,Bournemouth
331,Will Dennis,ENG,GK,24,0.0,0,,,,,,,Bournemouth
332,James Hill,ENG,DF,22,0.0,0,,,,,,,Bournemouth
333,Hamed Junior Traorè,CIV,"FW,MF",24,0.0,0,,,,,,,Bournemouth
334,Diogo Dalot,POR,DF,25,7.0,7,630.0,7.0,0.0,1.0,0.0,1.0,Manchester United
335,André Onana,CMR,GK,28,7.0,7,630.0,7.0,0.0,0.0,0.0,0.0,Manchester United
336,Kobbie Mainoo,ENG,MF,19,7.0,7,571.0,6.3,0.0,0.0,0.1,0.7,Manchester United
337,Bruno Fernandes,POR,"MF,FW",30,7.0,7,569.0,6.3,0.0,1.0,1.9,1.2,Manchester United
338,Noussair Mazraoui,MAR,DF,26,7.0,7,558.0,6.2,0.0,1.0,0.2,0.1,Manchester United
339,Lisandro Martínez,ARG,DF,26,6.0,6,526.0,5.8,0.0,0.0,0.8,0.1,Manchester United
340,Marcus Rashford,ENG,FW,26,7.0,6,481.0,5.3,1.0,0.0,0.6,1.6,Manchester United
341,Alejandro Garnacho,ARG,FW,20,7.0,4,412.0,4.6,1.0,1.0,2.4,0.4,Manchester United
342,Matthijs de Ligt,NED,DF,25,7.0,4,401.0,4.5,1.0,0.0,1.1,0.0,Manchester United
343,Joshua Zirkzee,NED,FW,23,7.0,4,382.0,4.2,1.0,0.0,2.4,0.3,Manchester United
344,Amad Diallo,CIV,FW,22,6.0,4,342.0,3.8,1.0,1.0,0.4,1.2,Manchester United
345,Casemiro,BRA,MF,32,6.0,3,280.0,3.1,0.0,0.0,0.4,1.2,Manchester United
346,Christian Eriksen,DEN,MF,32,5.0,3,260.0,2.9,0.0,0.0,0.0,1.4,Manchester United
347,Harry Maguire,ENG,DF,31,5.0,3,242.0,2.7,0.0,0.0,0.0,0.0,Manchester United
348,Mason Mount,ENG,"MF,FW",25,3.0,2,145.0,1.6,0.0,0.0,0.4,0.1,Manchester United
349,Jonny Evans,NIR,DF,36,3.0,1,114.0,1.3,0.0,0.0,0.1,0.0,Manchester United
350,Manuel Ugarte Ribeiro,URU,MF,23,3.0,1,105.0,1.2,0.0,0.0,0.0,0.0,Manchester United
351,Rasmus Højlund,DEN,FW,21,3.0,1,96.0,1.1,0.0,0.0,0.0,0.0,Manchester United
352,Toby Collyer,ENG,MF,20,1.0,0,45.0,0.5,0.0,0.0,0.0,0.1,Manchester United
353,Victor Lindelöf,SWE,DF,30,1.0,0,45.0,0.5,0.0,0.0,0.0,0.0,Manchester United
354,Antony,BRA,FW,24,2.0,0,28.0,0.3,0.0,0.0,0.1,0.1,Manchester United
355,Scott McTominay,SCO,MF,27,2.0,0,19.0,0.2,0.0,0.0,0.1,0.0,Manchester United
356,Altay Bayındır,TUR,GK,26,0.0,0,,,,,,,Manchester United
357,Tom Heaton,ENG,GK,38,0.0,0,,,,,,,Manchester United
358,Ethan Wheatley,ENG,FW,18,0.0,0,,,,,,,Manchester United
359,Wout Faes,BEL,DF,26,,7,630.0,7.0,1.0,0.0,0.4,0.0,Leicester City
360,Mads Hermansen,DEN,GK,24,,7,630.0,7.0,0.0,0.0,0.0,0.0,Leicester City
361,James Justin,ENG,DF,26,,7,630.0,7.0,2.0,1.0,0.4,0.3,Leicester City
362,Victor Bernth Kristiansen,DEN,DF,21,,7,624.0,6.9,0.0,0.0,0.0,0.2,Leicester City
363,Wilfred Ndidi,NGA,MF,27,,7,612.0,6.8,0.0,4.0,0.2,1.3,Leicester City
364,Jamie Vardy,ENG,FW,37,,7,573.0,6.4,2.0,0.0,1.9,0.2,Leicester City
365,Harry Winks,ENG,MF,28,,6,540.0,6.0,0.0,0.0,0.0,0.3,Leicester City
366,Caleb Okoli,ITA,DF,23,,5,448.0,5.0,0.0,0.0,0.1,0.0,Leicester City
367,Stephy Mavididi,ENG,FW,26,,4,385.0,4.3,2.0,0.0,0.7,0.3,Leicester City
368,Facundo Buonanotte,ARG,"MF,FW",19,,4,371.0,4.1,2.0,2.0,0.7,1.1,Leicester City
369,Jordan Ayew,GHA,"FW,MF",33,,4,360.0,4.0,0.0,0.0,0.3,0.1,Leicester City
370,Oliver Skipp,ENG,MF,24,,4,356.0,4.0,0.0,0.0,0.0,0.1,Leicester City
371,Abdul Fatawu Issahaku,GHA,FW,20,,3,277.0,3.1,0.0,1.0,0.1,0.5,Leicester City
372,Jannik Vestergaard,DEN,DF,32,,2,180.0,2.0,0.0,0.0,0.0,0.0,Leicester City
373,Bobby Reid,JAM,FW,31,,2,159.0,1.8,0.0,0.0,0.1,0.0,Leicester City
374,Bilal El Khannouss,MAR,MF,20,,1,79.0,0.9,0.0,0.0,0.0,0.1,Leicester City
375,Odsonne Édouard,FRA,FW,26,,0,26.0,0.3,0.0,0.0,0.0,0.0,Leicester City
376,Hamza Choudhury,ENG,MF,27,,0,15.0,0.2,0.0,0.0,0.0,0.0,Leicester City
377,Boubakary Soumaré,FRA,MF,25,,0,15.0,0.2,0.0,0.0,0.0,0.0,Leicester City
378,Kasey McAteer,IRL,"DF,FW",22,,0,12.0,0.1,0.0,0.0,0.0,0.0,Leicester City
379,Conor Coady,ENG,DF,31,,0,8.0,0.1,0.0,0.0,0.0,0.0,Leicester City
380,Thomas Cannon,IRL,FW,21,,0,,,,,,,Leicester City
381,Daniel Iversen,DEN,GK,27,,0,,,,,,,Leicester City
382,Benjamin Nelson,ENG,DF,20,,0,,,,,,,Leicester City
383,Ricardo Pereira,POR,"DF,FW",31,,0,,,,,,,Leicester City
384,Danny Ward,WAL,GK,31,,0,,,,,,,Leicester City
385,Jordan Pickford,ENG,GK,30,7.0,7,630.0,7.0,0.0,0.0,0.0,0.0,Everton
386,James Tarkowski,ENG,DF,31,7.0,7,630.0,7.0,0.0,0.0,0.6,0.4,Everton
387,Dwight McNeil,ENG,"MF,FW",24,7.0,7,622.0,6.9,3.0,2.0,0.6,2.5,Everton
388,Dominic Calvert-Lewin,ENG,FW,27,7.0,7,593.0,6.6,2.0,1.0,2.0,0.2,Everton
389,Michael Keane,ENG,DF,31,6.0,6,540.0,6.0,1.0,0.0,0.3,0.1,Everton
390,Iliman Ndiaye,SEN,FW,24,7.0,5,484.0,5.4,1.0,0.0,0.5,0.4,Everton
391,Jack Harrison,ENG,FW,27,7.0,5,435.0,4.8,0.0,0.0,0.8,0.9,Everton
392,Ashley Young,ENG,DF,39,5.0,5,425.0,4.7,0.0,2.0,0.0,0.3,Everton
393,Abdoulaye Doucouré,MLI,MF,31,6.0,5,396.0,4.4,0.0,0.0,0.2,0.1,Everton
394,Vitaliy Mykolenko,UKR,DF,25,5.0,5,385.0,4.3,0.0,0.0,0.0,0.1,Everton
395,Tim Iroegbunam,ENG,MF,21,6.0,4,383.0,4.3,0.0,0.0,0.2,0.1,Everton
396,Idrissa Gana Gueye,SEN,MF,35,6.0,4,374.0,4.2,0.0,0.0,0.6,0.0,Everton
397,Orel Mangala,BEL,MF,26,4.0,3,255.0,2.8,0.0,0.0,0.1,0.1,Everton
398,James Garner,ENG,"DF,MF",23,4.0,2,253.0,2.8,0.0,0.0,0.0,0.0,Everton
399,Jesper Lindstrøm,DEN,FW,24,4.0,2,149.0,1.7,0.0,0.0,0.5,0.5,Everton
400,Jarrad Branthwaite,ENG,DF,22,1.0,1,90.0,1.0,0.0,0.0,0.0,0.0,Everton
401,Séamus Coleman,IRL,DF,36,1.0,1,90.0,1.0,0.0,0.0,0.6,0.0,Everton
402,Roman Dixon,ENG,DF,19,1.0,1,90.0,1.0,0.0,0.0,0.0,0.0,Everton
403,Beto,GNB,FW,26,4.0,0,47.0,0.5,0.0,0.0,0.0,0.0,Everton
404,Jake O'Brien,IRL,DF,23,1.0,0,27.0,0.3,0.0,0.0,0.0,0.0,Everton
405,Mason Holgate,ENG,"FW,DF",27,1.0,0,6.0,0.1,0.0,0.0,0.0,0.0,Everton
406,Harrison Armstrong,ENG,MF,17,1.0,0,1.0,0.0,0.0,0.0,0.0,0.0,Everton
407,Asmir Begović,BIH,GK,37,0.0,0,,,,,,,Everton
408,Neal Maupay,FRA,"FW,MF",28,0.0,0,,,,,,,Everton
409,Jenson Metcalfe,ENG,MF,20,0.0,0,,,,,,,Everton
410,João Virgínia,POR,GK,25,0.0,0,,,,,,,Everton
411,Leif Davis,ENG,DF,24,7.0,7,630.0,7.0,0.0,1.0,0.3,1.2,Ipswich Town
412,Jacob Greaves,ENG,DF,24,7.0,7,630.0,7.0,0.0,0.0,0.4,0.0,Ipswich Town
413,Sam Morsy,EGY,MF,33,7.0,7,623.0,6.9,1.0,0.0,0.2,0.1,Ipswich Town
414,Omari Hutchinson,ENG,"MF,FW",20,7.0,7,614.0,6.8,0.0,1.0,0.4,0.6,Ipswich Town
415,Liam Delap,ENG,FW,21,7.0,7,536.0,6.0,4.0,0.0,1.2,0.3,Ipswich Town
416,Arijanet Muric,KVX,GK,25,6.0,6,540.0,6.0,0.0,0.0,0.0,0.0,Ipswich Town
417,Axel Tuanzebe,COD,DF,26,6.0,6,512.0,5.7,0.0,0.0,0.2,0.2,Ipswich Town
418,Dara O'Shea,IRL,DF,25,4.0,4,360.0,4.0,0.0,0.0,0.2,0.0,Ipswich Town
419,Sammie Szmodics,IRL,"FW,MF",29,7.0,4,306.0,3.4,1.0,0.0,1.1,0.0,Ipswich Town
420,Kalvin Phillips,ENG,MF,28,4.0,4,301.0,3.3,0.0,0.0,0.0,0.0,Ipswich Town
421,Wes Burns,WAL,FW,29,5.0,4,281.0,3.1,0.0,0.0,0.2,0.7,Ipswich Town
422,Luke Woolfenden,ENG,DF,25,3.0,3,270.0,3.0,0.0,0.0,0.0,0.0,Ipswich Town
423,Jack Clarke,ENG,FW,23,5.0,2,232.0,2.6,0.0,1.0,0.3,0.8,Ipswich Town
424,Ben Johnson,ENG,DF,24,4.0,2,223.0,2.5,0.0,1.0,0.0,0.3,Ipswich Town
425,Chiedozie Ogbene,IRL,FW,27,4.0,2,204.0,2.3,0.0,0.0,0.0,0.1,Ipswich Town
426,Massimo Luongo,AUS,MF,32,4.0,2,142.0,1.6,0.0,0.0,0.0,0.0,Ipswich Town
427,Conor Chaplin,ENG,"MF,FW",27,6.0,1,101.0,1.1,0.0,0.0,0.0,0.1,Ipswich Town
428,Christian Walton,ENG,GK,28,1.0,1,90.0,1.0,0.0,0.0,0.0,0.0,Ipswich Town
429,Jens Cajuste,SWE,MF,25,2.0,1,80.0,0.9,0.0,0.0,0.0,0.1,Ipswich Town
430,Jack Taylor,IRL,MF,26,5.0,0,114.0,1.3,0.0,0.0,0.1,0.0,Ipswich Town
431,George Hirst,ENG,FW,25,4.0,0,59.0,0.7,0.0,0.0,0.5,0.0,Ipswich Town
432,Marcus Harness,ENG,MF,28,2.0,0,45.0,0.5,0.0,0.0,0.0,0.0,Ipswich Town
433,Ali Al Hamadi,IRQ,FW,22,3.0,0,35.0,0.4,0.0,0.0,0.0,0.0,Ipswich Town
434,George Edmundson,ENG,DF,27,1.0,0,2.0,0.0,0.0,0.0,0.0,0.0,Ipswich Town
435,Cameron Burgess,AUS,DF,28,0.0,0,,,,,,,Ipswich Town
436,Harry Clarke,ENG,DF,23,0.0,0,,,,,,,Ipswich Town
437,Cieran Slicker,SCO,GK,22,0.0,0,,,,,,,Ipswich Town
438,Conor Townsend,ENG,"DF,MF",31,0.0,0,,,,,,,Ipswich Town
439,Marc Guéhi,ENG,DF,24,7.0,7,630.0,7.0,1.0,0.0,0.2,0.0,Crystal Palace
440,Dean Henderson,ENG,GK,27,7.0,7,630.0,7.0,0.0,0.0,0.0,0.0,Crystal Palace
441,Eberechi Eze,ENG,"MF,FW",26,7.0,7,629.0,7.0,1.0,0.0,2.5,0.8,Crystal Palace
442,Tyrick Mitchell,ENG,"DF,MF",25,7.0,7,597.0,6.6,0.0,1.0,0.2,1.3,Crystal Palace
443,Daniel Muñoz,COL,"DF,MF",28,7.0,7,546.0,6.1,0.0,0.0,0.3,0.3,Crystal Palace
444,Adam Wharton,ENG,MF,20,7.0,7,535.0,5.9,0.0,0.0,0.2,0.6,Crystal Palace
445,Jean-Philippe Mateta,FRA,FW,27,7.0,6,459.0,5.1,2.0,0.0,1.7,0.7,Crystal Palace
446,Daichi Kamada,JPN,MF,28,7.0,4,365.0,4.1,0.0,0.0,0.2,0.2,Crystal Palace
447,Maxence Lacroix,FRA,DF,24,4.0,4,360.0,4.0,0.0,1.0,0.2,0.3,Crystal Palace
448,Chris Richards,USA,DF,24,4.0,4,344.0,3.8,0.0,0.0,0.1,0.0,Crystal Palace
449,Eddie Nketiah,ENG,"MF,FW",25,4.0,4,317.0,3.5,0.0,0.0,0.6,0.1,Crystal Palace
450,Jefferson Lerma,COL,"MF,DF",29,5.0,3,304.0,3.4,0.0,0.0,0.1,0.8,Crystal Palace
451,Will Hughes,ENG,MF,29,6.0,2,235.0,2.6,0.0,0.0,0.0,0.0,Crystal Palace
452,Nathaniel Clyne,ENG,"DF,MF",33,3.0,2,227.0,2.5,0.0,0.0,0.0,0.0,Crystal Palace
453,Ismaila Sarr,SEN,"FW,MF",26,7.0,1,223.0,2.5,0.0,0.0,0.6,0.9,Crystal Palace
454,Odsonne Édouard,FRA,"MF,FW",26,2.0,1,115.0,1.3,0.0,0.0,0.4,0.0,Crystal Palace
455,Cheick Doucouré,MLI,MF,24,3.0,1,93.0,1.0,0.0,0.0,0.0,0.0,Crystal Palace
456,Joachim Andersen,DEN,DF,28,1.0,1,90.0,1.0,0.0,0.0,0.0,0.0,Crystal Palace
457,Chadi Riad,MAR,DF,21,1.0,1,90.0,1.0,0.0,0.0,0.0,0.0,Crystal Palace
458,Trevoh Chalobah,ENG,DF,25,1.0,1,87.0,1.0,0.0,0.0,0.2,0.0,Crystal Palace
459,Jeffrey Schlupp,GHA,"MF,DF",31,5.0,0,33.0,0.4,0.0,0.0,0.0,0.1,Crystal Palace
460,Jordan Ayew,GHA,"FW,MF",33,1.0,0,21.0,0.2,0.0,0.0,0.5,0.0,Crystal Palace
461,Asher Agbinone,ENG,MF,19,0.0,0,,,,,,,Crystal Palace
462,Naouirou Ahamada,FRA,MF,22,0.0,0,,,,,,,Crystal Palace
463,Justin Devenny,NIR,MF,21,0.0,0,,,,,,,Crystal Palace
464,Rob Holding,ENG,DF,29,0.0,0,,,,,,,Crystal Palace
465,Sam Johnstone,ENG,GK,31,0.0,0,,,,,,,Crystal Palace
466,Caleb Kporha,ENG,DF,18,0.0,0,,,,,,,Crystal Palace
467,Remi Matthews,ENG,GK,30,0.0,0,,,,,,,Crystal Palace
468,Kaden Rodney,ENG,DF,20,0.0,0,,,,,,,Crystal Palace
469,Matt Turner,USA,GK,30,0.0,0,,,,,,,Crystal Palace
470,Franco Umeh-Chibueze,IRL,MF,19,0.0,0,,,,,,,Crystal Palace
471,Joel Ward,ENG,"DF,MF",34,0.0,0,,,,,,,Crystal Palace
472,Flynn Downes,ENG,MF,25,7.0,7,630.0,7.0,0.0,0.0,0.3,0.8,Southampton
473,Jan Bednarek,POL,DF,28,7.0,7,620.0,6.9,0.0,0.0,0.0,0.1,Southampton
474,Yukinari Sugawara,JPN,DF,24,7.0,7,564.0,6.3,1.0,0.0,0.3,1.4,Southampton
475,Taylor Harwood-Bellis,ENG,DF,22,7.0,6,500.0,5.6,1.0,0.0,0.5,0.1,Southampton
476,Aaron Ramsdale,ENG,GK,26,5.0,5,450.0,5.0,0.0,0.0,0.0,0.0,Southampton
477,Kyle Walker-Peters,ENG,DF,27,5.0,5,440.0,4.9,0.0,0.0,0.2,0.0,Southampton
478,Ben Brereton,CHI,FW,25,6.0,4,389.0,4.3,0.0,0.0,0.8,0.1,Southampton
479,Tyler Dibling,ENG,"FW,MF",18,7.0,4,371.0,4.1,1.0,0.0,0.9,0.8,Southampton
480,Mateus Fernandes,POR,MF,20,6.0,4,371.0,4.1,0.0,1.0,0.4,0.8,Southampton
481,Joe Aribo,NGA,MF,28,6.0,4,361.0,4.0,0.0,0.0,0.6,0.7,Southampton
482,Jack Stephens,ENG,DF,30,4.0,4,348.0,3.9,0.0,0.0,0.2,0.0,Southampton
483,Adam Armstrong,ENG,FW,27,5.0,3,231.0,2.6,0.0,0.0,0.8,0.1,Southampton
484,William Smallbone,IRL,MF,24,3.0,3,218.0,2.4,0.0,0.0,0.3,0.3,Southampton
485,Cameron Archer,ENG,FW,23,7.0,2,284.0,3.2,1.0,0.0,2.3,0.0,Southampton
486,Charlie Taylor,ENG,DF,31,4.0,2,196.0,2.2,0.0,0.0,0.0,0.1,Southampton
487,Alex McCarthy,ENG,GK,34,2.0,2,180.0,2.0,0.0,0.0,0.0,0.0,Southampton
488,Lesley Ugochukwu,FRA,MF,20,3.0,2,140.0,1.6,0.0,0.0,0.2,0.2,Southampton
489,Ryan Fraser,SCO,FW,30,3.0,2,130.0,1.4,0.0,0.0,0.0,0.0,Southampton
490,Ross Stewart,SCO,"FW,MF",28,4.0,1,132.0,1.5,0.0,0.0,0.1,0.0,Southampton
491,Adam Lallana,ENG,MF,36,4.0,1,116.0,1.3,0.0,2.0,0.2,0.8,Southampton
492,Ryan Manning,IRL,DF,28,1.0,1,73.0,0.8,0.0,0.0,0.0,0.0,Southampton
493,Maxwel Cornet,CIV,FW,28,2.0,1,72.0,0.8,0.0,0.0,0.2,0.0,Southampton
494,Samuel Edozie,ENG,"DF,FW",21,2.0,0,65.0,0.7,0.0,0.0,0.0,0.1,Southampton
495,Paul Onuachu,NGA,FW,30,1.0,0,17.0,0.2,0.0,0.0,0.0,0.0,Southampton
496,Carlos Alcaraz,ARG,MF,21,1.0,0,10.0,0.1,0.0,0.0,0.1,0.1,Southampton
497,Samuel Amo-Ameyaw,ENG,DF,18,1.0,0,10.0,0.1,0.0,0.0,0.0,0.1,Southampton
498,James Bree,ENG,"DF,MF",27,0.0,0,,,,,,,Southampton
499,Joe Lumley,ENG,GK,29,0.0,0,,,,,,,Southampton
500,Nathan Wood-Gordon,ENG,DF,22,0.0,0,,,,,,,Southampton
501,Mario Lemina,GAB,"MF,FW",31,,7,629.0,7.0,1.0,1.0,1.0,0.3,Wolverhampton Wanderers
502,João Gomes,BRA,MF,23,,7,569.0,6.3,0.0,0.0,0.2,0.0,Wolverhampton Wanderers
503,Jørgen Strand Larsen,NOR,FW,24,,7,564.0,6.3,2.0,1.0,1.1,0.8,Wolverhampton Wanderers
504,Rayan Aït-Nouri,ALG,"DF,MF",23,,7,563.0,6.3,2.0,2.0,1.0,1.0,Wolverhampton Wanderers
505,Matheus Cunha,BRA,"MF,FW",25,,6,551.0,6.1,3.0,0.0,1.9,1.0,Wolverhampton Wanderers
506,Jean-Ricner Bellegarde,FRA,"MF,FW",26,,6,402.0,4.5,1.0,1.0,0.3,0.3,Wolverhampton Wanderers
507,Toti Gomes,POR,DF,25,,5,450.0,5.0,0.0,1.0,0.0,0.5,Wolverhampton Wanderers
508,Sam Johnstone,ENG,GK,31,,5,450.0,5.0,0.0,0.0,0.0,0.0,Wolverhampton Wanderers
509,Yerson Mosquera,COL,DF,23,,5,441.0,4.9,0.0,0.0,0.3,0.1,Wolverhampton Wanderers
510,Nélson Semedo,POR,DF,30,,5,420.0,4.7,0.0,1.0,0.1,0.4,Wolverhampton Wanderers
511,Craig Dawson,ENG,DF,34,,4,391.0,4.3,0.0,0.0,0.1,0.0,Wolverhampton Wanderers
512,André,BRA,MF,23,,4,317.0,3.5,0.0,0.0,0.1,0.1,Wolverhampton Wanderers
513,Hwang Hee-chan,KOR,"FW,MF",28,,2,256.0,2.8,0.0,0.0,0.0,0.1,Wolverhampton Wanderers
514,Matt Doherty,IRL,DF,32,,2,210.0,2.3,0.0,0.0,0.1,0.1,Wolverhampton Wanderers
515,José Sá,POR,GK,31,,2,180.0,2.0,0.0,0.0,0.0,0.1,Wolverhampton Wanderers
516,Rodrigo Gomes,POR,"FW,MF",21,,1,117.0,1.3,0.0,0.0,0.1,0.0,Wolverhampton Wanderers
517,Carlos Forbs,POR,MF,20,,1,111.0,1.2,0.0,0.0,0.1,0.0,Wolverhampton Wanderers
518,Santiago Bueno,URU,DF,25,,1,85.0,0.9,0.0,0.0,0.0,0.0,Wolverhampton Wanderers
519,Gonçalo Guedes,POR,"MF,FW",27,,0,70.0,0.8,0.0,0.0,0.0,0.1,Wolverhampton Wanderers
520,Tommy Doyle,ENG,MF,22,,0,69.0,0.8,0.0,0.0,0.0,0.0,Wolverhampton Wanderers
521,Daniel Podence,POR,"MF,FW",28,,0,48.0,0.5,0.0,0.0,0.0,0.0,Wolverhampton Wanderers
522,Pablo Sarabia,ESP,"FW,MF",32,,0,30.0,0.3,0.0,0.0,0.1,0.0,Wolverhampton Wanderers
523,Chiquinho,POR,MF,24,,0,7.0,0.1,0.0,0.0,0.0,0.0,Wolverhampton Wanderers
524,Daniel Bentley,ENG,GK,31,,0,,,,,,,Wolverhampton Wanderers
525,Alfie Pond,ENG,DF,20,,0,,,,,,,Wolverhampton Wanderers
526,Boubacar Traoré,MLI,MF,23,,0,,,,,,,Wolverhampton Wanderers
