name,nation,pos,age,mp,starts,mins,nineties,gls,ast,xg,xag,team
Virgil van Dijk,NED,DF,33,36,36,3240.0,36.0,3.0,1.0,2.2,0.7,Liverpool
Mohamed Salah,EGY,FW,32,36,36,3191.0,35.5,28.0,18.0,24.0,13.5,Liverpool
Ryan Gravenberch,NED,MF,23,35,35,3003.0,33.4,0.0,4.0,1.1,2.9,Liverpool
Alexis Mac Allister,ARG,MF,26,35,30,2599.0,28.9,5.0,5.0,2.8,4.7,Liverpool
Ibrahima Konaté,FRA,DF,25,29,28,2410.0,26.8,1.0,2.0,1.7,1.0,Liverpool
Andrew Robertson,SCO,DF,31,32,28,2398.0,26.6,0.0,1.0,1.2,4.6,Liverpool
Trent Alexander-Arnold,ENG,DF,26,32,28,2320.0,25.8,3.0,6.0,1.9,6.7,Liverpool
Dominik Szoboszlai,HUN,MF,24,34,27,2369.0,26.3,5.0,6.0,7.2,7.2,Liverpool
Luis Díaz,COL,FW,28,34,27,2303.0,25.6,13.0,5.0,11.3,5.0,Liverpool
Alisson,BRA,GK,32,26,26,2328.0,25.9,0.0,0.0,0.0,0.6,Liverpool
Cody Gakpo,NED,FW,26,33,21,1783.0,19.8,10.0,3.0,6.9,3.5,Liverpool
Curtis Jones,ENG,"MF,DF",24,31,18,1594.0,17.7,3.0,3.0,4.2,1.0,Liverpool
Diogo Jota,POR,FW,28,25,14,1166.0,13.0,6.0,3.0,7.6,1.8,Liverpool
Caoimhín Kelleher,IRL,GK,26,10,10,900.0,10.0,0.0,0.0,0.0,0.0,Liverpool
Darwin Núñez,URU,FW,25,28,8,1075.0,11.9,5.0,2.0,5.3,1.3,Liverpool
Kostas Tsimikas,GRE,DF,29,17,8,747.0,8.3,0.0,1.0,0.4,2.1,Liverpool
Joe Gomez,ENG,DF,27,9,6,519.0,5.8,0.0,0.0,0.3,0.1,Liverpool
Conor Bradley,NIR,DF,21,17,5,633.0,7.0,0.0,1.0,0.6,0.5,Liverpool
Jarell Quansah,ENG,DF,22,12,3,405.0,4.5,0.0,0.0,0.1,0.1,Liverpool
Harvey Elliott,ENG,"MF,FW",22,16,1,275.0,3.1,0.0,1.0,0.9,0.9,Liverpool
Wataru Endo,JPN,MF,32,18,1,237.0,2.6,0.0,0.0,0.0,0.1,Liverpool
Federico Chiesa,ITA,FW,27,5,0,46.0,0.5,0.0,0.0,0.2,0.0,Liverpool
Vitezslav Jaros,CZE,GK,23,1,0,12.0,0.1,0.0,0.0,0.0,0.0,Liverpool
Jayden Danns,ENG,MF,19,1,0,11.0,0.1,0.0,0.0,0.0,0.0,Liverpool
Harvey Davies,ENG,GK,21,0,0,,,,,,,Liverpool
James McConnell,ENG,MF,20,0,0,,,,,,,Liverpool
Tyler Morton,ENG,MF,22,0,0,,,,,,,Liverpool
Amara Nallo,ENG,DF,18,0,0,,,,,,,Liverpool
Trey Nyoni,ENG,MF,17,0,0,,,,,,,Liverpool
David Raya,ESP,GK,29,,36,3240,36.0,0,0,0.0,0.0,Arsenal
William Saliba,FRA,DF,24,,34,2994,33.3,2,0,2.3,0.9,Arsenal
Declan Rice,ENG,MF,26,,31,2645,29.4,3,7,3.3,6.5,Arsenal
Thomas Partey,GHA,"MF,DF",31,,29,2617,29.1,4,2,2.0,2.0,Arsenal
Gabriel Magalhães,BRA,DF,27,,28,2363,26.3,3,1,2.6,0.9,Arsenal
Leandro Trossard,BEL,FW,30,,27,2431,27.0,8,6,7.1,6.0,Arsenal
Jurriën Timber,NED,DF,23,,27,2417,26.9,1,3,1.2,0.8,Arsenal
Martin Ødegaard,NOR,MF,26,,25,2220,24.7,2,7,4.7,5.3,Arsenal
Gabriel Martinelli,BRA,"FW,MF",23,,23,2131,23.7,8,4,6.4,4.7,Arsenal
Kai Havertz,GER,"FW,MF",25,,21,1839,20.4,9,3,9.4,2.4,Arsenal
Bukayo Saka,ENG,"FW,MF",23,,19,1626,18.1,6,10,6.7,7.0,Arsenal
Mikel Merino,ESP,"MF,FW",28,,16,1496,16.6,7,2,5.6,2.0,Arsenal
Myles Lewis-Skelly,ENG,DF,18,,14,1258,14.0,1,0,0.1,0.4,Arsenal
Ben White,ENG,DF,27,,11,1018,11.3,0,1,0.4,0.9,Arsenal
Riccardo Calafiori,ITA,DF,22,,11,938,10.4,2,1,0.9,0.3,Arsenal
Ethan Nwaneri,ENG,"FW,MF",18,,10,821,9.1,4,2,1.1,1.0,Arsenal
Jorginho,ITA,MF,33,,9,703,7.8,0,0,0.1,0.4,Arsenal
Jakub Kiwior,POL,DF,25,,8,942,10.5,1,0,0.2,0.3,Arsenal
Gabriel Jesus,BRA,FW,28,,6,608,6.8,3,0,3.0,0.7,Arsenal
Raheem Sterling,ENG,"FW,MF",30,,6,437,4.9,0,2,1.3,0.5,Arsenal
Oleksandr Zinchenko,UKR,"DF,MF",28,,4,458,5.1,0,1,0.3,0.1,Arsenal
Kieran Tierney,SCO,"DF,FW",27,,1,194,2.2,0,0,0.2,0.9,Arsenal
Nathan Butler-Oyedeji,ENG,FW,22,,0,7,0.1,0,0,0.1,0.0,Arsenal
Takehiro Tomiyasu,JPN,DF,26,,0,7,0.1,0,0,0.2,0.0,Arsenal
Reiss Nelson,ENG,FW,25,,0,3,0.0,0,0,0.0,0.0,Arsenal
Brayden Clarke,WAL,DF,17,,0,,,,,,,Arsenal
Jimi Gower,ENG,MF,20,,0,,,,,,,Arsenal
Ayden Heaven,ENG,DF,18,,0,,,,,,,Arsenal
Jack Henry-Francis,IRL,MF,21,,0,,,,,,,Arsenal
Ismeal Kabia,ENG,MF,19,,0,,,,,,,Arsenal
Maldini Kacurri,ALB,DF,19,,0,,,,,,,Arsenal
Neto,BRA,GK,35,,0,,,,,,,Arsenal
Josh Nichols,ENG,DF,18,,0,,,,,,,Arsenal
Eddie Nketiah,ENG,FW,25,,0,,,,,,,Arsenal
Salah Oulad M'Hand,NED,MF,21,,0,,,,,,,Arsenal
Jack Porter,ENG,GK,16,,0,,,,,,,Arsenal
Aaron Ramsdale,ENG,GK,27,,0,,,,,,,Arsenal
Tommy Setford,ENG,GK,19,,0,,,,,,,Arsenal
Bruno Guimarães,BRA,MF,27,36,36,3091,34.3,5,6,4.0,5.8,Newcastle United
Dan Burn,ENG,DF,33,35,35,3150,35.0,1,1,1.8,0.9,Newcastle United
Alexander Isak,SWE,FW,25,33,33,2666,29.6,23,6,20.2,4.3,Newcastle United
Fabian Schär,SUI,DF,33,32,31,2754,30.6,4,0,2.4,0.4,Newcastle United
Valentino Livramento,ENG,DF,22,35,30,2660,29.6,0,1,0.2,2.5,Newcastle United
Joelinton,BRA,"MF,FW",28,29,29,2393,26.6,4,3,3.9,2.5,Newcastle United
Jacob Murphy,ENG,FW,30,33,29,2229,24.8,8,12,5.7,8.8,Newcastle United
Sandro Tonali,ITA,MF,25,34,26,2450,27.2,4,2,4.3,1.4,Newcastle United
Nick Pope,ENG,GK,33,26,26,2340,26.0,0,0,0.0,0.0,Newcastle United
Anthony Gordon,ENG,FW,24,32,26,2299,25.5,6,5,8.0,4.9,Newcastle United
Lewis Hall,ENG,DF,20,27,24,2189,24.3,0,4,0.4,4.3,Newcastle United
Harvey Barnes,ENG,FW,27,31,15,1593,17.7,9,4,6.9,4.0,Newcastle United
Kieran Trippier,ENG,DF,34,24,14,1281,14.2,0,3,0.1,1.3,Newcastle United
Joe Willock,ENG,"MF,FW",25,30,11,1026,11.4,0,2,1.6,1.9,Newcastle United
Martin Dúbravka,SVK,GK,36,10,10,900,10.0,0,0,0.0,0.0,Newcastle United
Sean Longstaff,ENG,MF,27,25,8,798,8.9,0,0,0.6,0.2,Newcastle United
Lloyd Kelly,ENG,DF,26,10,4,303,3.4,0,1,0.4,0.5,Newcastle United
Sven Botman,NED,DF,25,6,4,287,3.2,0,0,0.0,0.1,Newcastle United
Emil Krafth,SWE,DF,30,11,2,315,3.5,0,0,0.0,0.1,Newcastle United
Callum Wilson,ENG,FW,33,16,1,286,3.2,0,0,0.4,0.1,Newcastle United
Lewis Miley,ENG,MF,19,13,1,285,3.2,1,0,0.5,0.0,Newcastle United
Miguel Almirón,PAR,FW,31,9,1,157,1.7,0,0,0.5,0.3,Newcastle United
William Osula,DEN,FW,21,12,0,104,1.2,1,0,0.1,0.1,Newcastle United
Matt Targett,ENG,DF,29,2,0,21,0.2,0,0,0.0,0.0,Newcastle United
Jamaal Lascelles,ENG,DF,31,0,0,,,,,,,Newcastle United
Alex Murphy,IRL,DF,20,0,0,,,,,,,Newcastle United
Sean Neave,ENG,FW,17,0,0,,,,,,,Newcastle United
John Ruddy,ENG,GK,38,0,0,,,,,,,Newcastle United
Leo Shahar,ENG,DF,18,0,0,,,,,,,Newcastle United
Odisseas Vlachodimos,GRE,GK,31,0,0,,,,,,,Newcastle United
Moisés Caicedo,ECU,"MF,DF",23,,37,3261,36.2,1,2,0.8,3.0,Chelsea
Cole Palmer,ENG,MF,23,,35,3101,34.5,15,8,17.2,10.5,Chelsea
Levi Colwill,ENG,DF,22,,34,3059,34.0,1,1,1.3,1.1,Chelsea
Marc Cucurella,ESP,DF,26,,32,2898,32.2,5,1,2.8,2.1,Chelsea
Enzo Fernández,ARG,MF,24,,31,2857,31.7,6,7,6.1,6.7,Chelsea
Robert Sánchez,ESP,GK,27,,31,2790,31.0,0,0,0.0,0.1,Chelsea
Nicolas Jackson,SEN,FW,23,,28,2220,24.7,10,5,12.3,4.3,Chelsea
Noni Madueke,ENG,FW,23,,26,1948,21.6,7,3,9.6,4.2,Chelsea
Pedro Neto,POR,FW,25,,23,2192,24.4,4,5,3.2,6.1,Chelsea
Malo Gusto,FRA,DF,21,,19,1849,20.5,0,1,1.7,1.4,Chelsea
Jadon Sancho,ENG,FW,25,,18,1703,18.9,3,4,2.2,3.7,Chelsea
Tosin Adarabioyo,ENG,DF,27,,14,1319,14.7,1,1,0.9,0.2,Chelsea
Wesley Fofana,FRA,DF,24,,14,1172,13.0,0,0,0.4,0.4,Chelsea
Reece James,ENG,"DF,MF",25,,11,973,10.8,1,1,0.4,0.7,Chelsea
Trevoh Chalobah,ENG,DF,25,,11,910,10.1,0,1,0.8,1.2,Chelsea
Roméo Lavia,BEL,MF,21,,11,768,8.5,0,1,0.2,0.7,Chelsea
Christopher Nkunku,FRA,FW,27,,9,921,10.2,3,2,4.8,2.1,Chelsea
Filip Jørgensen,DEN,GK,23,,6,540,6.0,0,0,0.0,0.0,Chelsea
Axel Disasi,FRA,DF,27,,4,364,4.0,1,0,0.3,0.1,Chelsea
João Félix,POR,"FW,MF",25,,3,369,4.1,1,1,2.2,1.0,Chelsea
Benoît Badiashile,FRA,DF,24,,3,334,3.7,0,0,0.0,0.0,Chelsea
Kiernan Dewsbury-Hall,ENG,"MF,FW",26,,2,259,2.9,0,1,0.2,1.1,Chelsea
Joshua Acheampong,ENG,DF,19,,2,170,1.9,0,0,0.2,0.0,Chelsea
Tyrique George,ENG,FW,19,,1,183,2.0,1,1,0.2,0.7,Chelsea
Renato Veiga,POR,"DF,MF",21,,1,181,2.0,0,0,0.1,0.0,Chelsea
Mykhailo Mudryk,UKR,FW,24,,1,151,1.7,0,0,0.3,1.0,Chelsea
Marc Guiu,ESP,FW,19,,0,73,0.8,0,0,0.0,0.0,Chelsea
Mathis Amougou,FRA,MF,19,,0,8,0.1,0,0,0.0,0.0,Chelsea
Shumaira Mheuka,ENG,MF,17,,0,1,0.0,0,0,0.1,0.0,Chelsea
Aaron Anselmino,ARG,DF,20,,0,,,,,,,Chelsea
Genesis Antwi,SWE,MF,18,,0,,,,,,,Chelsea
Marcus Bettinelli,ENG,GK,32,,0,,,,,,,Chelsea
Cesare Casadei,ITA,MF,22,,0,,,,,,,Chelsea
Samuel Rak-Sakyi,ENG,MF,20,,0,,,,,,,Chelsea
Ishé Samuels-Smith,ENG,DF,18,,0,,,,,,,Chelsea
Emiliano Martínez,ARG,GK,32,36,36,3150,35.0,0,0,0.0,0.5,Aston Villa
Morgan Rogers,ENG,"FW,MF",22,36,36,3031,33.7,8,10,6.6,7.8,Aston Villa
Youri Tielemans,BEL,MF,28,35,35,2997,33.3,3,7,3.1,6.9,Aston Villa
Ezri Konsa,ENG,DF,27,33,32,2846,31.6,2,0,1.3,0.4,Aston Villa
Ollie Watkins,ENG,FW,29,37,30,2508,27.9,16,8,15.3,3.3,Aston Villa
Lucas Digne,FRA,DF,31,32,28,2351,26.1,0,4,0.8,4.7,Aston Villa
John McGinn,SCO,"MF,FW",30,33,26,2162,24.0,1,4,3.0,3.5,Aston Villa
Matty Cash,POL,DF,27,26,23,1980,22.0,1,1,0.4,1.1,Aston Villa
Pau Torres,ESP,DF,28,23,22,1930,21.4,0,0,0.5,0.1,Aston Villa
Boubacar Kamara,FRA,MF,25,25,19,1643,18.3,1,0,0.8,0.9,Aston Villa
Jacob Ramsey,ENG,"FW,MF",23,28,19,1595,17.7,1,3,1.6,2.3,Aston Villa
Amadou Onana,BEL,MF,23,25,19,1555,17.3,3,0,2.1,0.6,Aston Villa
Leon Bailey,JAM,"FW,MF",27,24,14,1139,12.7,1,2,1.7,1.5,Aston Villa
Tyrone Mings,ENG,DF,32,14,12,1120,12.4,0,0,0.8,0.2,Aston Villa
Ian Maatsen,NED,DF,23,28,9,1049,11.7,1,2,0.9,2.7,Aston Villa
Diego Carlos,BRA,DF,32,10,8,830,9.2,0,0,0.6,0.0,Aston Villa
Marco Asensio,ESP,MF,29,12,8,699,7.8,3,1,4.4,1.0,Aston Villa
Axel Disasi,FRA,DF,27,7,5,490,5.4,0,0,0.1,0.4,Aston Villa
Lamare Bogarde,NED,"DF,MF",21,8,5,476,5.3,0,0,0.0,0.1,Aston Villa
Andrés García,ESP,"DF,MF",22,7,5,318,3.5,0,0,0.0,0.2,Aston Villa
Jáder Durán,COL,FW,21,20,4,638,7.1,7,0,4.9,0.2,Aston Villa
Marcus Rashford,ENG,FW,27,10,4,444,4.9,2,2,3.1,2.3,Aston Villa
Ross Barkley,ENG,MF,31,19,3,574,6.4,3,1,1.7,0.6,Aston Villa
Jaden Philogene Bidace,ENG,"FW,MF",23,11,2,332,3.7,0,0,0.5,0.3,Aston Villa
Donyell Malen,NED,FW,26,13,2,298,3.3,3,0,2.2,0.1,Aston Villa
Robin Olsen,SWE,GK,35,3,1,180,2.0,0,0,0.0,0.0,Aston Villa
Kosta Nedeljković,SRB,DF,19,5,0,126,1.4,0,0,0.0,0.0,Aston Villa
Emi Buendía,ARG,"MF,FW",28,12,0,98,1.1,0,0,0.7,0.0,Aston Villa
Benjamin Broggio,ENG,FW,18,0,0,,,,,,,Aston Villa
Joe Gauci,AUS,GK,24,0,0,,,,,,,Aston Villa
Jamaldeen Jimoh,ENG,MF,18,0,0,,,,,,,Aston Villa
Sil Swinkels,NED,DF,21,0,0,,,,,,,Aston Villa
Kadan Young,ENG,MF,19,0,0,,,,,,,Aston Villa
Oliwier Zych,POL,GK,20,0,0,,,,,,,Aston Villa
Joško Gvardiol,CRO,DF,23,,34,3097,34.4,5,0,4.4,2.0,Manchester City
Erling Haaland,NOR,FW,24,,29,2570,28.6,21,3,20.9,2.9,Manchester City
Bernardo Silva,POR,"MF,FW",30,,27,2491,27.7,3,4,3.6,4.4,Manchester City
Ederson,BRA,GK,31,,24,2140,23.8,0,4,0.0,1.5,Manchester City
Mateo Kovačić,CRO,MF,31,,24,2132,23.7,6,1,1.9,3.6,Manchester City
Rúben Dias,POR,DF,28,,23,2091,23.2,0,0,1.5,0.3,Manchester City
İlkay Gündoğan,GER,MF,34,,23,2050,22.8,0,5,2.7,2.8,Manchester City
Rico Lewis,ENG,"DF,MF",20,,21,1893,21.0,1,2,1.4,0.3,Manchester City
Manuel Akanji,SUI,DF,29,,21,1834,20.4,0,0,1.1,0.4,Manchester City
Sávio,BRA,"FW,MF",21,,21,1749,19.4,1,8,5.0,6.9,Manchester City
Phil Foden,ENG,"MF,FW",24,,20,1768,19.6,7,2,5.2,4.8,Manchester City
Kevin De Bruyne,BEL,"MF,FW",33,,18,1628,18.1,4,7,4.2,7.9,Manchester City
Matheus Nunes,POR,"DF,MF",26,,17,1494,16.6,1,5,0.9,4.2,Manchester City
Jeremy Doku,BEL,"FW,MF",22,,15,1442,16.0,3,6,1.0,4.7,Manchester City
Stefan Ortega,GER,GK,32,,12,1100,12.2,0,0,0.0,0.0,Manchester City
Omar Marmoush,EGY,"FW,MF",26,,12,1005,11.2,6,0,4.9,1.7,Manchester City
Kyle Walker,ENG,DF,34,,9,970,10.8,0,0,0.1,0.4,Manchester City
Nathan Aké,NED,DF,30,,8,678,7.5,0,0,0.2,0.0,Manchester City
Nicolás González,ESP,MF,23,,8,648,7.2,0,0,0.3,0.1,Manchester City
Jack Grealish,ENG,"FW,MF",29,,7,720,8.0,1,1,1.1,1.8,Manchester City
John Stones,ENG,"DF,MF",30,,6,548,6.1,2,0,0.4,0.1,Manchester City
Nico O’Reilly,ENG,DF,20,,6,528,5.9,2,0,1.3,0.4,Manchester City
Abdukodir Khusanov,UZB,DF,21,,6,503,5.6,0,0,0.0,0.1,Manchester City
James Mcatee,ENG,"MF,FW",22,,3,349,3.9,3,0,2.8,0.5,Manchester City
Jahmai Simpson-Pusey,ENG,DF,19,,1,96,1.1,0,0,0.0,0.0,Manchester City
Rodri,ESP,MF,28,,1,65,0.7,0,0,0.0,0.0,Manchester City
Divin Mubama,ENG,FW,20,,0,28,0.3,0,0,0.0,0.0,Manchester City
Oscar Bobb,NOR,FW,21,,0,15,0.2,0,0,0.0,0.1,Manchester City
Vitor Reis,BRA,DF,19,,0,1,0.0,0,0,0.0,0.0,Manchester City
Max Alleyne,ENG,DF,19,,0,,,,,,,Manchester City
Thorsten Brits,ENG,GK,17,,0,,,,,,,Manchester City
Scott Carson,ENG,GK,39,,0,,,,,,,Manchester City
Issa Kaboré,BFA,"DF,MF",24,,0,,,,,,,Manchester City
Josh Wilson-Esbrand,ENG,DF,22,,0,,,,,,,Manchester City
Jacob Wright,ENG,MF,19,,0,,,,,,,Manchester City
Matz Sels,BEL,GK,33,36,36,3240.0,36.0,0.0,0.0,0.0,0.0,Nottingham Forest
Nikola Milenković,SRB,DF,27,35,35,3150.0,35.0,4.0,2.0,3.6,1.0,Nottingham Forest
Murillo,BRA,DF,22,34,34,3008.0,33.4,2.0,0.0,1.4,1.1,Nottingham Forest
Ola Aina,NGA,DF,28,33,33,2823.0,31.4,2.0,1.0,0.6,1.1,Nottingham Forest
Chris Wood,NZL,FW,33,34,33,2779.0,30.9,20.0,3.0,12.3,2.5,Nottingham Forest
Morgan Gibbs-White,ENG,MF,25,32,32,2631.0,29.2,6.0,8.0,5.2,4.8,Nottingham Forest
Elliot Anderson,ENG,MF,22,35,31,2556.0,28.4,2.0,6.0,1.9,3.1,Nottingham Forest
Anthony Elanga,SWE,"FW,MF",23,36,29,2322.0,25.8,6.0,10.0,4.2,5.3,Nottingham Forest
Neco Williams,WAL,DF,24,33,26,2414.0,26.8,1.0,3.0,2.3,1.5,Nottingham Forest
Callum Hudson-Odoi,ENG,"FW,MF",24,29,25,2152.0,23.9,5.0,2.0,2.5,2.7,Nottingham Forest
Nicolás Domínguez,ARG,"MF,FW",26,32,21,1807.0,20.1,0.0,1.0,1.5,1.3,Nottingham Forest
Ryan Yates,ENG,MF,27,33,18,1891.0,21.0,2.0,1.0,2.3,1.2,Nottingham Forest
Álex Moreno,ESP,"DF,MF",31,15,11,955.0,10.6,0.0,1.0,0.2,1.3,Nottingham Forest
Morato,BRA,DF,23,25,6,899.0,10.0,0.0,0.0,0.2,0.0,Nottingham Forest
Jota Silva,POR,"FW,MF",25,29,5,845.0,9.4,3.0,1.0,2.0,2.9,Nottingham Forest
Ibrahim Sangaré,CIV,MF,27,11,5,452.0,5.0,0.0,1.0,0.0,0.4,Nottingham Forest
James Ward-Prowse,ENG,MF,30,9,5,400.0,4.4,0.0,1.0,0.1,1.1,Nottingham Forest
Danilo,BRA,"MF,FW",24,7,5,267.0,3.0,0.0,0.0,0.0,0.0,Nottingham Forest
Taiwo Awoniyi,NGA,FW,27,26,3,416.0,4.6,1.0,0.0,2.1,0.1,Nottingham Forest
Ramón Sosa,PAR,"FW,MF",25,19,1,295.0,3.3,1.0,0.0,1.0,0.5,Nottingham Forest
Willy Boly,CIV,DF,34,6,1,150.0,1.7,0.0,0.0,0.1,0.0,Nottingham Forest
Harry Toffolo,ENG,DF,29,4,1,137.0,1.5,0.0,0.0,0.0,0.0,Nottingham Forest
Eric da Silva Moreira,GER,"MF,DF",19,2,0,30.0,0.3,0.0,0.0,0.0,0.0,Nottingham Forest
Zach Abbott,ENG,DF,19,0,0,,,,,,,Nottingham Forest
Wayne Hennessey,WAL,GK,38,0,0,,,,,,,Nottingham Forest
Carlos Miguel,BRA,GK,26,0,0,,,,,,,Nottingham Forest
Andrew Omobamidele,IRL,DF,22,0,0,,,,,,,Nottingham Forest
Nathan Collins,IRL,DF,24,,36,3240,36.0,2,3,2.5,1.8,Brentford
Bryan Mbeumo,CMR,FW,25,,36,3234,35.9,18,7,11.0,8.1,Brentford
Mark Flekken,NED,GK,31,,35,3095,34.4,0,2,0.0,0.5,Brentford
Keane Lewis-Potter,ENG,"DF,FW",24,,34,2929,32.5,1,3,2.6,3.2,Brentford
Mikkel Damsgaard,DEN,"MF,FW",24,,32,2742,30.5,2,10,2.7,8.0,Brentford
Yoane Wissa,COD,FW,28,,32,2739,30.4,18,3,17.0,1.9,Brentford
Christian Nørgaard,DEN,MF,31,,32,2639,29.3,5,3,3.9,1.0,Brentford
Sepp van den Berg,NED,DF,23,,27,2406,26.7,0,0,1.8,0.5,Brentford
Vitaly Janelt,GER,MF,27,,27,2254,25.0,1,3,0.8,2.2,Brentford
Kevin Schade,GER,FW,23,,24,2140,23.8,11,2,8.0,3.6,Brentford
Ethan Pinnock,JAM,DF,31,,21,1913,21.3,2,0,1.1,1.2,Brentford
Kristoffer Ajer,NOR,DF,27,,17,1405,15.6,0,0,0.8,1.2,Brentford
Yehor Yarmoliuk,UKR,MF,21,,13,1286,14.3,0,0,0.6,0.9,Brentford
Mads Roerslev,DEN,DF,25,,11,1101,12.2,0,2,0.2,3.0,Brentford
Mathias Jensen,DEN,MF,29,,8,835,9.3,0,2,0.2,1.6,Brentford
Michael Kayode,ITA,DF,20,,4,381,4.2,0,1,0.2,1.1,Brentford
Fabio Carvalho,POR,"FW,MF",22,,3,455,5.1,2,1,2.5,0.7,Brentford
Ben Mee,ENG,DF,35,,2,183,2.0,0,0,0.0,0.0,Brentford
Thiago,BRA,FW,23,,1,148,1.6,0,0,0.1,0.1,Brentford
Hákon Rafn Valdimarsson,ISL,GK,23,,1,145,1.6,0,0,0.0,0.0,Brentford
Edmond-Paris Maghoma,ENG,"MF,FW",24,,0,119,1.3,0,0,0.1,0.1,Brentford
Rico Henry,ENG,DF,27,,0,83,0.9,0,0,0.0,0.0,Brentford
Yunus Emre Konak,TUR,"FW,MF",19,,0,42,0.5,0,0,0.2,0.0,Brentford
Kim Jisoo,KOR,DF,20,,0,30,0.3,0,0,0.0,0.0,Brentford
Frank Onyeka,NGA,MF,27,,0,25,0.3,0,0,0.0,0.0,Brentford
Gustavo Nunes,BRA,"FW,MF",19,,0,12,0.1,0,0,0.0,0.0,Brentford
Jayden Meghoma,ENG,DF,18,,0,5,0.1,0,0,0.0,0.0,Brentford
Ryan Trevitt,ENG,MF,22,,0,4,0.0,0,0,0.0,0.0,Brentford
Benjamin Arthur,ENG,DF,19,,0,,,,,,,Brentford
Julian Eyestone,USA,GK,19,,0,,,,,,,Brentford
Benjamin Fredrick,NGA,DF,19,,0,,,,,,,Brentford
Iwan Morgan,WAL,FW,19,,0,,,,,,,Brentford
Myles Peart-Harris,ENG,MF,22,,0,,,,,,,Brentford
Tony Yogane,ENG,MF,19,,0,,,,,,,Brentford
Bart Verbruggen,NED,GK,22,34,34,3060,34.0,0,1,0.0,0.0,Brighton
Jan Paul van Hecke,NED,DF,24,32,31,2778,30.9,1,1,1.3,1.5,Brighton
Carlos Baleba,CMR,MF,21,32,29,2481,27.6,3,1,3.0,1.3,Brighton
Kaoru Mitoma,JPN,"FW,MF",27,34,28,2532,28.1,9,3,8.8,4.4,Brighton
Pervis Estupiñán,ECU,DF,27,29,25,2312,25.7,1,1,1.1,2.1,Brighton
Lewis Dunk,ENG,DF,33,25,23,2083,23.1,0,0,0.8,0.5,Brighton
Danny Welbeck,ENG,FW,34,29,23,2032,22.6,10,4,8.9,1.3,Brighton
João Pedro,BRA,"FW,MF",23,27,23,1948,21.6,10,6,8.9,5.0,Brighton
Jack Hinshelwood,ENG,"DF,MF",20,24,21,1745,19.4,2,2,1.5,1.3,Brighton
Yasin Ayari,SWE,MF,21,32,20,1848,20.5,1,1,2.3,2.2,Brighton
Joël Veltman,NED,DF,33,20,19,1665,18.5,0,0,0.5,0.5,Brighton
Georginio Rutter,FRA,"MF,FW",23,28,19,1656,18.4,5,3,4.6,2.5,Brighton
Yankuba Minteh,GAM,"FW,MF",20,30,18,1666,18.5,6,4,4.0,4.9,Brighton
Matt O'Riley,DEN,MF,24,19,11,905,10.1,1,1,2.0,1.7,Brighton
Simon Adingra,CIV,"FW,MF",23,27,10,988,11.0,2,2,2.2,2.3,Brighton
Tariq Lamptey,GHA,DF,24,15,10,860,9.6,2,2,0.4,0.8,Brighton
Igor,BRA,DF,27,12,9,903,10.0,0,0,0.0,0.2,Brighton
Adam Webster,ENG,DF,30,12,9,707,7.9,0,0,0.0,0.5,Brighton
Mats Wieffer,NED,"MF,DF",25,23,8,835,9.3,1,3,0.7,1.5,Brighton
Brajan Gruda,GER,"MF,FW",20,19,6,540,6.0,1,3,1.0,1.5,Brighton
Ferdi Kadioglu,TUR,"DF,MF",25,6,5,385,4.3,1,0,0.4,0.2,Brighton
Diego Gómez,PAR,MF,22,14,4,453,5.0,0,0,0.7,0.5,Brighton
James Milner,ENG,MF,39,3,3,169,1.9,0,0,0.2,0.2,Brighton
Julio Enciso,PAR,"MF,FW",21,12,2,294,3.3,0,0,1.0,0.2,Brighton
Evan Ferguson,IRL,FW,20,13,2,246,2.7,1,0,0.5,0.4,Brighton
Jason Steele,ENG,GK,34,2,2,180,2.0,0,0,0.0,0.0,Brighton
Solly March,ENG,"FW,MF",30,8,1,168,1.9,0,0,0.1,0.3,Brighton
Billy Gilmour,SCO,MF,23,2,1,98,1.1,0,0,0.1,0.0,Brighton
Eiran Cashin,IRL,DF,23,2,0,20,0.2,0,0,0.0,0.0,Brighton
Jakub Moder,POL,MF,26,4,0,11,0.1,0,0,0.0,0.2,Brighton
Jeremy Sarmiento,ECU,MF,22,1,0,9,0.1,0,0,0.0,0.0,Brighton
Valentín Barco,ARG,MF,20,0,0,,,,,,,Brighton
Killian Cahill,IRL,GK,21,0,0,,,,,,,Brighton
Harry Howell,ENG,FW,16,0,0,,,,,,,Brighton
Joe Knight,ENG,MF,19,0,0,,,,,,,Brighton
Ruairi Mcconville,NIR,DF,20,0,0,,,,,,,Brighton
Mark O'Mahony,IRL,FW,20,0,0,,,,,,,Brighton
Carl Rushworth,ENG,GK,23,0,0,,,,,,,Brighton
Imari Samuels,ENG,DF,22,0,0,,,,,,,Brighton
Freddie Simmonds,ENG,DF,17,0,0,,,,,,,Brighton
Jacob Slater,ENG,DF,20,0,0,,,,,,,Brighton
Charlie Tasker,ENG,DF,19,0,0,,,,,,,Brighton
Milos Kerkez,HUN,DF,21,,36,3164,35.2,2,5,0.5,3.8,Bournemouth
Antoine Semenyo,GHA,FW,25,,34,3023,33.6,9,5,9.5,5.8,Bournemouth
Illia Zabarnyi,UKR,DF,22,,33,2929,32.5,0,0,1.1,0.6,Bournemouth
Lewis Cook,ENG,"MF,DF",28,,31,2906,32.3,1,3,0.9,4.1,Bournemouth
Kepa Arrizabalaga,ESP,GK,30,,29,2610,29.0,0,0,0.1,0.0,Bournemouth
Justin Kluivert,NED,"MF,FW",26,,27,2206,24.5,12,6,10.0,4.8,Bournemouth
Ryan Christie,SCO,MF,30,,27,2117,23.5,2,3,1.8,3.5,Bournemouth
Evanilson,BRA,FW,25,,26,2148,23.9,10,1,11.7,1.6,Bournemouth
Dean Huijsen,ESP,DF,20,,25,2324,25.8,3,1,1.9,2.0,Bournemouth
Dango Ouattara,BFA,FW,23,,21,2005,22.3,7,4,8.4,5.5,Bournemouth
Tyler Adams,USA,MF,26,,19,1785,19.8,0,3,1.6,1.0,Bournemouth
Marcus Tavernier,ENG,"FW,MF",26,,18,1760,19.6,3,5,5.3,2.9,Bournemouth
Adam Smith,ENG,DF,34,,18,1478,16.4,0,0,0.7,0.3,Bournemouth
Marcos Senesi,ARG,DF,28,,12,1029,11.4,0,0,0.8,0.2,Bournemouth
David Brooks,WAL,"FW,MF",27,,8,853,9.5,2,0,2.2,1.8,Bournemouth
Alex Scott,ENG,MF,21,,8,754,8.4,0,0,0.7,0.9,Bournemouth
James Hill,ENG,DF,23,,6,448,5.0,0,1,0.3,0.3,Bournemouth
Julian Araujo,MEX,DF,23,,6,429,4.8,0,0,0.0,0.0,Bournemouth
Mark Travers,IRL,GK,26,,5,450,5.0,0,0,0.0,0.0,Bournemouth
Enes Ünal,TUR,"FW,MF",28,,2,345,3.8,2,1,2.7,0.4,Bournemouth
Neto,BRA,GK,35,,2,180,2.0,0,0,0.0,0.0,Bournemouth
Luis Sinisterra,COL,"FW,MF",25,,1,236,2.6,1,1,1.2,1.4,Bournemouth
Philip Billing,DEN,MF,28,,1,184,2.0,0,0,0.6,1.1,Bournemouth
Max Aarons,ENG,DF,25,,1,86,1.0,0,0,0.0,0.0,Bournemouth
Daniel Jebbison,ENG,FW,21,,0,83,0.9,0,0,0.7,0.2,Bournemouth
Ben Winterburn,ENG,"FW,MF",20,,0,23,0.3,0,0,0.0,0.0,Bournemouth
Julio Soler,ARG,FW,20,,0,2,0.0,0,0,0.0,0.0,Bournemouth
Remy Rees-Dottin,ENG,FW,19,,0,1,0.0,0,0,0.0,0.0,Bournemouth
Zain Silcott-Duberry,MSR,FW,19,,0,1,0.0,0,0,0.0,0.0,Bournemouth
Daniel Adu-Adjei,ENG,FW,19,,0,,,,,,,Bournemouth
Matai Akinmboni,USA,DF,18,,0,,,,,,,Bournemouth
Jaidon Anthony,ENG,"FW,MF",25,,0,,,,,,,Bournemouth
Will Dennis,ENG,GK,24,,0,,,,,,,Bournemouth
Archie Harris,ENG,DF,20,,0,,,,,,,Bournemouth
Hamed Junior Traorè,CIV,"FW,MF",25,,0,,,,,,,Bournemouth
Callan Mckenna,SCO,GK,18,,0,,,,,,,Bournemouth
Dominic Sadi,ENG,MF,21,,0,,,,,,,Bournemouth
Maxwell Wellings,ENG,DF,20,,0,,,,,,,Bournemouth
Bernd Leno,GER,GK,33,36,36,3240.0,36.0,0.0,1.0,0.0,0.1,Fulham
Alex Iwobi,NGA,"FW,MF",29,36,34,2886.0,32.1,9.0,6.0,4.6,7.0,Fulham
Antonee Robinson,USA,DF,27,34,33,2989.0,33.2,0.0,10.0,0.7,4.1,Fulham
Calvin Bassey,NGA,DF,25,34,33,2984.0,33.2,1.0,0.0,1.0,0.1,Fulham
Raúl Jiménez,MEX,FW,34,36,28,2314.0,25.7,11.0,3.0,11.4,3.3,Fulham
Joachim Andersen,DEN,DF,28,27,27,2403.0,26.7,0.0,0.0,1.0,0.3,Fulham
Saša Lukić,SRB,MF,28,28,26,2169.0,24.1,0.0,2.0,1.2,2.6,Fulham
Sander Berge,NOR,MF,27,29,25,2174.0,24.2,0.0,0.0,0.2,0.6,Fulham
Andreas Pereira,BRA,MF,29,32,24,1953.0,21.7,2.0,4.0,3.5,4.5,Fulham
Emile Smith Rowe,ENG,MF,24,32,24,1948.0,21.6,6.0,3.0,4.4,1.3,Fulham
Kenny Tete,NED,DF,29,20,19,1594.0,17.7,0.0,2.0,1.2,0.9,Fulham
Timothy Castagne,BEL,DF,29,24,17,1649.0,18.3,0.0,1.0,0.4,1.2,Fulham
Adama Traoré,ESP,"FW,MF",29,34,16,1620.0,18.0,2.0,6.0,3.9,4.7,Fulham
Issa Diop,FRA,DF,28,21,15,1339.0,14.9,0.0,0.0,0.5,0.1,Fulham
Harry Wilson,WAL,"FW,MF",28,23,11,1077.0,12.0,5.0,1.0,4.0,1.1,Fulham
Rodrigo Muniz,BRA,FW,24,31,8,964.0,10.7,8.0,1.0,5.8,0.7,Fulham
Ryan Sessegnon,ENG,"FW,DF",25,14,7,552.0,6.1,4.0,2.0,1.6,1.0,Fulham
Reiss Nelson,ENG,FW,25,11,5,487.0,5.4,1.0,1.0,1.1,1.0,Fulham
Jorge Cuenca,ESP,DF,25,6,3,259.0,2.9,0.0,0.0,0.0,0.0,Fulham
Tom Cairney,SCO,MF,34,23,2,510.0,5.7,1.0,0.0,0.2,1.0,Fulham
Willian,BRA,"FW,MF",36,10,2,257.0,2.9,0.0,0.0,0.3,0.5,Fulham
Joshua King,ENG,MF,18,6,1,88.0,1.0,0.0,0.0,0.2,0.4,Fulham
Harrison Reed,ENG,MF,30,12,0,108.0,1.2,0.0,0.0,0.2,0.1,Fulham
Martial Godo,ENG,"FW,DF",22,2,0,24.0,0.3,0.0,0.0,0.0,0.1,Fulham
Carlos Vinícius,BRA,"MF,FW",30,3,0,16.0,0.2,0.0,0.0,0.0,0.0,Fulham
Jay Stansfield,ENG,MF,22,1,0,1.0,0.0,0.0,0.0,0.0,0.0,Fulham
Samuel Amissah,ENG,DF,18,0,0,,,,,,,Fulham
Steven Benda,GER,GK,26,0,0,,,,,,,Fulham
Dean Henderson,ENG,GK,28,36,36,3240,36.0,0,0,0.0,0.1,Crystal Palace
Tyrick Mitchell,ENG,DF,25,36,36,3002,33.4,0,4,1.3,5.8,Crystal Palace
Daniel Muñoz,COL,DF,28,35,35,3048,33.9,4,5,4.9,5.4,Crystal Palace
Marc Guéhi,ENG,DF,24,34,34,3059,34.0,3,2,2.0,1.7,Crystal Palace
Maxence Lacroix,FRA,DF,25,33,33,2936,32.6,1,1,3.4,0.8,Crystal Palace
Jean-Philippe Mateta,FRA,FW,27,35,32,2577,28.6,14,2,12.7,3.2,Crystal Palace
Eberechi Eze,ENG,"MF,FW",26,32,30,2517,28.0,7,8,10.2,5.3,Crystal Palace
Ismaila Sarr,SEN,MF,27,36,28,2559,28.4,7,5,9.8,7.8,Crystal Palace
Jefferson Lerma,COL,"MF,DF",30,31,24,2094,23.3,0,1,1.1,1.5,Crystal Palace
Will Hughes,ENG,MF,30,31,22,1985,22.1,0,3,1.1,3.1,Crystal Palace
Chris Richards,USA,DF,25,22,20,1742,19.4,1,0,1.3,0.1,Crystal Palace
Adam Wharton,ENG,MF,20,20,16,1318,14.6,0,2,0.4,3.0,Crystal Palace
Daichi Kamada,JPN,MF,28,32,14,1454,16.2,0,0,1.1,1.9,Crystal Palace
Trevoh Chalobah,ENG,DF,25,12,12,1060,11.8,3,0,1.2,0.4,Crystal Palace
Eddie Nketiah,ENG,"FW,MF",25,27,8,925,10.3,1,1,4.8,1.6,Crystal Palace
Nathaniel Clyne,ENG,"DF,MF",34,13,5,483,5.4,0,0,0.0,0.3,Crystal Palace
Cheick Doucouré,MLI,MF,25,13,4,452,5.0,0,0,0.4,0.0,Crystal Palace
Justin Devenny,NIR,MF,21,21,4,433,4.8,1,0,0.7,0.4,Crystal Palace
Odsonne Édouard,FRA,"MF,FW",27,2,1,115,1.3,0,0,0.4,0.0,Crystal Palace
Joachim Andersen,DEN,DF,28,1,1,90,1.0,0,0,0.0,0.0,Crystal Palace
Chadi Riad,MAR,DF,21,1,1,90,1.0,0,0,0.0,0.0,Crystal Palace
Ben Chilwell,ENG,DF,28,7,0,169,1.9,0,0,0.1,0.7,Crystal Palace
Jeffrey Schlupp,GHA,"MF,DF",32,12,0,103,1.1,0,0,0.2,0.2,Crystal Palace
Romain Esse,ENG,MF,20,5,0,47,0.5,1,0,0.3,0.1,Crystal Palace
Matheus França,BRA,"FW,MF",21,2,0,26,0.3,1,0,0.1,0.0,Crystal Palace
Jordan Ayew,GHA,"FW,MF",33,1,0,21,0.2,0,0,0.5,0.0,Crystal Palace
Caleb Kporha,ENG,DF,18,2,0,13,0.1,0,0,0.0,0.0,Crystal Palace
Asher Agbinone,ENG,MF,19,2,0,6,0.1,0,0,0.0,0.0,Crystal Palace
Joel Ward,ENG,DF,35,1,0,1,0.0,0,0,0.0,0.0,Crystal Palace
Naouirou Ahamada,FRA,MF,23,0,0,,,,,,,Crystal Palace
Rob Holding,ENG,DF,29,0,0,,,,,,,Crystal Palace
Sam Johnstone,ENG,GK,32,0,0,,,,,,,Crystal Palace
Zachariah Marsh,ENG,FW,19,0,0,,,,,,,Crystal Palace
Remi Matthews,ENG,GK,31,0,0,,,,,,,Crystal Palace
Kaden Rodney,ENG,"DF,MF",20,0,0,,,,,,,Crystal Palace
Matt Turner,USA,GK,30,0,0,,,,,,,Crystal Palace
Franco Umeh-Chibueze,IRL,MF,20,0,0,,,,,,,Crystal Palace
Jordan Pickford,ENG,GK,31,36,36,3240,36.0,0,1,0.0,0.4,Everton
James Tarkowski,ENG,DF,32,33,33,2922,32.5,1,1,1.3,2.9,Everton
Vitaliy Mykolenko,UKR,DF,25,33,33,2902,32.2,1,1,0.5,1.6,Everton
Idrissa Gana Gueye,SEN,MF,35,35,33,2883,32.0,0,3,1.1,1.7,Everton
Abdoulaye Doucouré,MLI,MF,32,31,30,2485,27.6,3,2,3.9,2.3,Everton
Jarrad Branthwaite,ENG,DF,22,29,27,2438,27.1,0,1,1.2,0.7,Everton
Iliman Ndiaye,SEN,FW,25,31,27,2282,25.4,7,0,5.2,1.6,Everton
Jack Harrison,ENG,FW,28,32,23,1960,21.8,1,0,3.5,3.7,Everton
Dominic Calvert-Lewin,ENG,FW,28,24,19,1589,17.7,3,1,6.3,0.6,Everton
Ashley Young,ENG,"DF,FW",39,30,18,1712,19.0,1,3,0.3,2.1,Everton
James Garner,ENG,"MF,DF",24,19,15,1414,15.7,0,1,0.3,1.3,Everton
Jake O'Brien,IRL,DF,24,18,15,1391,15.5,2,0,0.7,0.6,Everton
Jesper Lindstrøm,DEN,FW,25,25,15,1239,13.8,0,1,2.1,2.0,Everton
Dwight McNeil,ENG,"MF,FW",25,19,14,1292,14.4,4,5,1.1,3.9,Everton
Orel Mangala,BEL,MF,27,19,14,1261,14.0,1,0,1.1,0.6,Everton
Beto,GNB,FW,27,28,13,1357,15.1,8,0,7.0,0.8,Everton
Michael Keane,ENG,DF,32,12,10,942,10.5,3,0,0.6,0.1,Everton
Carlos Alcaraz,ARG,"FW,MF",22,13,6,663,7.4,1,3,1.4,1.6,Everton
Tim Iroegbunam,ENG,MF,21,18,5,574,6.4,0,1,0.2,0.2,Everton
Armando Broja,ALB,FW,23,10,4,334,3.7,0,0,0.1,0.2,Everton
Nathan Patterson,SCO,DF,23,10,3,347,3.9,0,1,0.1,0.4,Everton
Séamus Coleman,IRL,DF,36,4,2,198,2.2,0,0,0.6,0.0,Everton
Roman Dixon,ENG,DF,20,1,1,90,1.0,0,0,0.0,0.0,Everton
Harrison Armstrong,ENG,MF,18,3,0,48,0.5,0,0,0.4,0.1,Everton
Youssef Chermiti,POR,"FW,MF",20,4,0,45,0.5,0,0,0.1,0.0,Everton
Mason Holgate,ENG,"FW,DF",28,1,0,6,0.1,0,0,0.0,0.0,Everton
Callum Bates,ENG,MF,19,0,0,,,,,,,Everton
Asmir Begović,BIH,GK,37,0,0,,,,,,,Everton
Coby Ebere,GER,MF,19,0,0,,,,,,,Everton
Isaac Heath,ENG,FW,20,0,0,,,,,,,Everton
Neal Maupay,FRA,"FW,MF",28,0,0,,,,,,,Everton
Jenson Metcalfe,ENG,MF,20,0,0,,,,,,,Everton
Martin Sherif,NED,FW,18,0,0,,,,,,,Everton
João Virgínia,POR,GK,25,0,0,,,,,,,Everton
Rayan Aït-Nouri,ALG,DF,23,,35,2955,32.8,4,7,2.6,5.0,Wolves
João Gomes,BRA,MF,24,,34,2839,31.5,3,1,2.7,1.2,Wolves
Nélson Semedo,POR,DF,31,,31,2751,30.6,0,4,0.8,2.8,Wolves
Jørgen Strand Larsen,NOR,FW,25,,29,2495,27.7,13,2,10.0,2.4,Wolves
André,BRA,MF,23,,29,2337,26.0,0,0,0.4,0.8,Wolves
José Sá,POR,GK,32,,28,2520,28.0,0,0,0.0,0.1,Wolves
Matheus Cunha,BRA,"MF,FW",25,,28,2483,27.6,15,6,8.0,7.6,Wolves
Toti Gomes,POR,DF,26,,28,2434,27.0,0,1,0.7,0.9,Wolves
Matt Doherty,IRL,DF,33,,24,2023,22.5,2,1,1.0,1.5,Wolves
Jean-Ricner Bellegarde,FRA,"MF,FW",26,,19,1583,17.6,2,6,1.4,3.6,Wolves
Santiago Bueno,URU,DF,26,,18,1683,18.7,0,0,0.4,0.0,Wolves
Mario Lemina,GAB,"MF,DF",31,,15,1364,15.2,1,3,1.4,1.1,Wolves
Emmanuel Agbadou,CIV,DF,27,,14,1230,13.7,0,0,0.3,0.2,Wolves
Marshall Munetsi,ZIM,"MF,FW",28,,11,968,10.8,1,1,3.2,1.6,Wolves
Craig Dawson,ENG,DF,35,,10,971,10.8,0,0,0.5,0.0,Wolves
Gonçalo Guedes,POR,"MF,FW",28,,8,841,9.3,2,4,2.8,1.1,Wolves
Sam Johnstone,ENG,GK,32,,7,630,7.0,0,0,0.0,0.0,Wolves
Pablo Sarabia,ESP,"MF,FW",33,,6,748,8.3,3,2,2.9,1.6,Wolves
Rodrigo Gomes,POR,"DF,FW",21,,6,704,7.8,2,0,0.6,0.9,Wolves
Hwang Hee-chan,KOR,"MF,FW",29,,5,651,7.2,2,0,0.8,0.1,Wolves
Yerson Mosquera,COL,DF,24,,5,441,4.9,0,0,0.3,0.1,Wolves
Tommy Doyle,ENG,MF,23,,3,488,5.4,0,1,0.6,0.5,Wolves
Carlos Forbs,POR,"MF,FW",21,,1,239,2.7,0,0,0.1,0.0,Wolves
Daniel Bentley,ENG,GK,31,,1,90,1.0,0,0,0.0,0.0,Wolves
Pedro Lima,BRA,DF,18,,1,70,0.8,0,0,0.1,0.1,Wolves
Daniel Podence,POR,"MF,FW",29,,0,48,0.5,0,0,0.0,0.0,Wolves
Nasser Djiga,BFA,"DF,FW",22,,0,21,0.2,0,0,0.0,0.0,Wolves
Chiquinho,POR,MF,25,,0,7,0.1,0,0,0.0,0.0,Wolves
Mateus Mane,,MF,,,0,2,0.0,0,0,0.0,0.0,Wolves
Alfie Pond,ENG,DF,21,,0,1,0.0,0,0,0.0,0.0,Wolves
Boubacar Traoré,MLI,MF,23,,0,1,0.0,0,0,0.0,0.0,Wolves
Tawanda Chirewa,ZIM,MF,21,,0,,,,,,,Wolves
Luke Cundle,ENG,MF,23,,0,,,,,,,Wolves
Tom Edozie,ENG,MF,19,,0,,,,,,,Wolves
Tom King,WAL,GK,30,,0,,,,,,,Wolves
Bastien Meupiyou,FRA,DF,19,,0,,,,,,,Wolves
Wesley Okoduwa,ENG,FW,17,,0,,,,,,,Wolves
Max Kilman,ENG,DF,27,36,36,3168.0,35.2,0.0,1.0,1.6,1.2,West Ham United
Aaron Wan-Bissaka,ENG,DF,27,34,33,2974.0,33.0,2.0,4.0,1.2,3.5,West Ham United
Jarrod Bowen,ENG,"FW,MF",28,32,32,2793.0,31.0,11.0,7.0,8.3,6.3,West Ham United
Mohammed Kudus,GHA,"FW,MF",24,30,30,2493.0,27.7,4.0,3.0,6.7,3.0,West Ham United
Tomáš Souček,CZE,MF,30,33,28,2420.0,26.9,9.0,1.0,6.6,1.0,West Ham United
Lucas Paquetá,BRA,"MF,FW",27,31,27,2336.0,26.0,4.0,0.0,5.2,3.1,West Ham United
Emerson Palmieri,ITA,DF,30,31,26,2113.0,23.5,2.0,1.0,2.0,1.5,West Ham United
Alphonse Areola,FRA,GK,32,25,24,2170.0,24.1,0.0,0.0,0.0,0.0,West Ham United
Konstantinos Mavropanos,GRE,DF,27,32,20,1955.0,21.7,0.0,0.0,1.5,0.5,West Ham United
Edson Álvarez,MEX,MF,27,26,19,1660.0,18.4,0.0,1.0,0.3,0.8,West Ham United
Jean-Clair Todibo,FRA,DF,25,25,18,1646.0,18.3,0.0,0.0,0.2,0.0,West Ham United
Guido Rodríguez,ARG,MF,31,21,15,1081.0,12.0,0.0,0.0,0.2,0.1,West Ham United
Carlos Soler,ESP,"MF,FW",28,30,14,1376.0,15.3,1.0,1.0,1.7,1.2,West Ham United
Łukasz Fabiański,POL,GK,40,13,12,1070.0,11.9,0.0,0.0,0.0,0.0,West Ham United
Michail Antonio,JAM,FW,35,14,11,836.0,9.3,1.0,1.0,2.2,1.6,West Ham United
Vladimír Coufal,CZE,DF,32,20,10,958.0,10.6,0.0,0.0,0.3,0.6,West Ham United
James Ward-Prowse,ENG,MF,30,13,10,903.0,10.0,0.0,1.0,1.1,1.5,West Ham United
Aaron Cresswell,ENG,DF,35,16,9,766.0,8.5,0.0,0.0,0.1,1.2,West Ham United
Crysencio Summerville,NED,"FW,MF",23,19,7,786.0,8.7,1.0,1.0,1.6,1.7,West Ham United
Oliver Scarles,ENG,DF,19,14,6,594.0,6.6,0.0,0.0,0.1,0.0,West Ham United
Niclas Füllkrug,GER,FW,32,16,5,686.0,7.6,3.0,2.0,2.0,1.9,West Ham United
Danny Ings,ENG,"FW,MF",32,15,1,284.0,3.2,1.0,2.0,2.3,1.3,West Ham United
Andy Irving,SCO,MF,25,10,1,166.0,1.8,0.0,0.0,0.1,0.2,West Ham United
Evan Ferguson,IRL,FW,20,8,1,156.0,1.7,0.0,0.0,0.6,0.3,West Ham United
Luis Guilherme,BRA,"MF,FW",19,11,1,138.0,1.5,0.0,0.0,0.3,0.1,West Ham United
Lewis Orford,ENG,MF,19,2,0,49.0,0.5,0.0,0.0,0.0,0.0,West Ham United
Kaelan Casey,ENG,DF,20,1,0,1.0,0.0,0.0,0.0,0.0,0.0,West Ham United
Wes Foderingham,ENG,GK,34,0,0,,,,,,,West Ham United
Ezra Mayers,BRB,DF,18,0,0,,,,,,,West Ham United
André Onana,CMR,GK,29,34,34,3060,34.0,0,0,0.0,0.2,Manchester United
Bruno Fernandes,POR,MF,30,35,34,2928,32.5,8,9,9.6,8.1,Manchester United
Noussair Mazraoui,MAR,DF,27,36,33,2819,31.3,0,1,0.7,1.3,Manchester United
Diogo Dalot,POR,DF,26,32,31,2788,31.0,0,3,2.0,2.0,Manchester United
Matthijs de Ligt,NED,DF,25,29,25,2123,23.6,2,0,2.5,0.3,Manchester United
Alejandro Garnacho,ARG,"MF,FW",20,36,23,2199,24.4,6,2,7.3,4.5,Manchester United
Rasmus Højlund,DEN,FW,22,31,22,1924,21.4,4,0,5.2,1.3,Manchester United
Manuel Ugarte Ribeiro,URU,MF,24,29,22,1785,19.8,1,2,1.0,1.1,Manchester United
Lisandro Martínez,ARG,DF,27,20,20,1751,19.5,2,1,1.3,1.1,Manchester United
Amad Diallo,CIV,"MF,FW",22,25,19,1811,20.1,7,6,4.2,4.7,Manchester United
Kobbie Mainoo,ENG,MF,20,24,19,1606,17.8,0,0,0.7,1.6,Manchester United
Harry Maguire,ENG,DF,32,26,18,1668,18.5,1,0,1.8,0.6,Manchester United
Casemiro,BRA,MF,33,23,17,1404,15.6,1,0,1.7,2.3,Manchester United
Joshua Zirkzee,NED,"FW,MF",23,32,14,1402,15.6,3,1,4.8,1.5,Manchester United
Leny Yoro,FRA,DF,19,21,12,1165,12.9,0,0,0.7,0.1,Manchester United
Marcus Rashford,ENG,"FW,MF",27,15,12,978,10.9,4,1,1.7,2.1,Manchester United
Christian Eriksen,DEN,MF,33,22,11,1036,11.5,0,2,0.4,3.1,Manchester United
Patrick Dorgu,DEN,DF,20,11,9,752,8.4,0,0,0.4,0.5,Manchester United
Mason Mount,ENG,MF,26,16,7,557,6.2,1,0,2.5,0.5,Manchester United
Victor Lindelöf,SWE,DF,30,15,5,614,6.8,0,0,0.0,0.1,Manchester United
Luke Shaw,ENG,DF,29,7,4,349,3.9,0,0,0.0,0.7,Manchester United
Harry Amass,ENG,DF,18,5,4,346,3.8,0,0,0.1,0.0,Manchester United
Jonny Evans,NIR,DF,37,6,3,290,3.2,0,0,0.1,0.0,Manchester United
Altay Bayındır,TUR,GK,27,3,3,270,3.0,0,0,0.0,0.0,Manchester United
Tyler Fredricson,ENG,DF,20,2,2,165,1.8,0,0,0.0,0.0,Manchester United
Tyrell Malacia,NED,DF,25,3,2,100,1.1,0,0,0.0,0.0,Manchester United
Chidozie Obi-Martin,DEN,FW,17,6,1,155,1.7,0,0,0.6,0.0,Manchester United
Ayden Heaven,ENG,DF,18,3,1,105,1.2,0,0,0.0,0.0,Manchester United
Toby Collyer,ENG,MF,21,6,0,179,2.0,0,0,0.2,0.3,Manchester United
Antony,BRA,"DF,MF",25,8,0,141,1.6,0,0,1.0,0.1,Manchester United
Scott McTominay,SCO,MF,28,2,0,19,0.2,0,0,0.1,0.0,Manchester United
Jayce Fitzgerald,ENG,MF,18,0,0,,,,,,,Manchester United
Jack Fletcher,ENG,MF,18,0,0,,,,,,,Manchester United
Hubert Graczyk,POL,GK,22,0,0,,,,,,,Manchester United
Elyh Harrison,ENG,GK,19,0,0,,,,,,,Manchester United
Tom Heaton,ENG,GK,39,0,0,,,,,,,Manchester United
Sekou Koné,MLI,MF,19,0,0,,,,,,,Manchester United
Godwill Kukonki,ENG,DF,17,0,0,,,,,,,Manchester United
Dermot Mee,NIR,GK,22,0,0,,,,,,,Manchester United
Jack Moorhouse,ENG,MF,19,0,0,,,,,,,Manchester United
Ethan Wheatley,ENG,FW,19,0,0,,,,,,,Manchester United
Pedro Porro,ESP,DF,25,32,27,2520,28.0,2,6,1.6,4.4,Tottenham Hotspur
Dejan Kulusevski,SWE,"MF,FW",25,32,27,2389,26.5,7,4,4.2,6.2,Tottenham Hotspur
Dominic Solanke,ENG,FW,27,26,24,2136,23.7,8,3,10.1,2.9,Tottenham Hotspur
Son Heung-min,KOR,FW,32,30,24,2110,23.4,7,9,7.2,8.2,Tottenham Hotspur
Brennan Johnson,WAL,FW,23,32,23,2087,23.2,11,3,9.8,2.3,Tottenham Hotspur
Guglielmo Vicario,ITA,GK,28,23,23,2070,23.0,0,0,0.0,0.0,Tottenham Hotspur
Destiny Udogie,ITA,DF,22,24,23,1834,20.4,0,1,0.3,1.5,Tottenham Hotspur
Pape Matar Sarr,SEN,MF,22,35,21,1868,20.8,3,2,3.7,1.6,Tottenham Hotspur
James Maddison,ENG,MF,28,31,21,1809,20.1,9,7,5.8,4.2,Tottenham Hotspur
Rodrigo Bentancur,URU,MF,27,25,20,1580,17.6,2,0,1.3,0.4,Tottenham Hotspur
Djed Spence,ENG,DF,24,24,19,1784,19.8,1,2,0.6,1.8,Tottenham Hotspur
Archie Gray,ENG,"DF,MF",19,27,18,1661,18.5,0,0,0.0,0.1,Tottenham Hotspur
Cristian Romero,ARG,DF,27,18,18,1416,15.7,1,0,1.6,0.6,Tottenham Hotspur
Yves Bissouma,MLI,MF,28,27,16,1383,15.4,2,0,0.6,0.3,Tottenham Hotspur
Ben Davies,WAL,DF,32,16,14,1306,14.5,0,0,0.3,0.2,Tottenham Hotspur
Radu Drăgușin,ROU,DF,23,16,14,1252,13.9,0,0,0.1,0.4,Tottenham Hotspur
Lucas Bergvall,SWE,MF,19,27,11,1212,13.5,0,1,0.7,0.6,Tottenham Hotspur
Micky van de Ven,NED,DF,24,12,11,950,10.6,0,2,0.6,1.2,Tottenham Hotspur
Mathys Tel,FRA,FW,20,12,10,829,9.2,2,1,2.3,2.0,Tottenham Hotspur
Wilson Odobert,FRA,"FW,MF",20,15,9,805,8.9,1,0,1.6,1.0,Tottenham Hotspur
Kevin Danso,AUT,DF,26,9,8,752,8.4,0,0,0.4,0.1,Tottenham Hotspur
Fraser Forster,ENG,GK,37,7,7,630,7.0,0,0,0.0,0.0,Tottenham Hotspur
Antonín Kinský,CZE,GK,22,6,6,540,6.0,0,0,0.0,0.1,Tottenham Hotspur
Timo Werner,GER,"FW,MF",29,18,4,516,5.7,0,3,1.0,2.5,Tottenham Hotspur
Richarlison,BRA,FW,28,14,4,479,5.3,4,1,3.7,0.9,Tottenham Hotspur
Mikey Moore,ENG,FW,17,10,3,366,4.1,0,1,0.2,0.3,Tottenham Hotspur
Sergio Reguilón,ESP,DF,28,4,1,196,2.2,0,0,0.1,0.0,Tottenham Hotspur
Brandon Austin,ENG,GK,26,1,1,90,1.0,0,0,0.0,0.0,Tottenham Hotspur
Dane Scarlett,ENG,"FW,MF",21,3,0,34,0.4,0,1,0.0,0.0,Tottenham Hotspur
Alfie Dorrington,ENG,DF,20,1,0,14,0.2,0,0,0.0,0.0,Tottenham Hotspur
Will Lankshear,ENG,"FW,MF",20,3,0,11,0.1,0,0,0.0,0.0,Tottenham Hotspur
Oyindamola Ajayi,ENG,FW,19,0,0,,,,,,,Tottenham Hotspur
Dante Cassanova,JAM,DF,20,0,0,,,,,,,Tottenham Hotspur
Alfie Devine,ENG,MF,20,0,0,,,,,,,Tottenham Hotspur
Malachi Hardy,ENG,DF,17,0,0,,,,,,,Tottenham Hotspur
Maeson King,ENG,DF,19,0,0,,,,,,,Tottenham Hotspur
Yang Minhyeok,KOR,MF,19,0,0,,,,,,,Tottenham Hotspur
Callum Olusesi,ENG,MF,18,0,0,,,,,,,Tottenham Hotspur
Alfie Whiteman,ENG,GK,26,0,0,,,,,,,Tottenham Hotspur
Luca Williams Barnett,ENG,FW,16,0,0,,,,,,,Tottenham Hotspur
Dara O'Shea,IRL,DF,26,,33,2942,32.7,0,2,1.2,0.5,Ipswich Town
Liam Delap,ENG,FW,22,,32,2552,28.4,12,2,9.3,1.9,Ipswich Town
Leif Davis,ENG,DF,25,,30,2563,28.5,1,2,0.9,4.3,Ipswich Town
Sam Morsy,EGY,MF,33,,29,2576,28.6,1,1,0.4,0.9,Ipswich Town
Omari Hutchinson,ENG,"MF,FW",21,,28,2403,26.7,3,2,2.4,3.3,Ipswich Town
Jacob Greaves,ENG,DF,24,,23,2025,22.5,1,0,1.3,0.2,Ipswich Town
Jens Cajuste,SWE,MF,25,,23,1812,20.1,1,0,0.5,0.6,Ipswich Town
Arijanet Muric,KVX,GK,26,,18,1620,18.0,0,0,0.0,0.0,Ipswich Town
Axel Tuanzebe,COD,DF,27,,18,1530,17.0,0,1,0.2,0.3,Ipswich Town
Cameron Burgess,AUS,DF,29,,16,1541,17.1,0,2,1.1,0.5,Ipswich Town
Ben Johnson,ENG,"DF,FW",25,,14,1354,15.0,1,2,1.1,1.3,Ipswich Town
Kalvin Phillips,ENG,MF,29,,14,1237,13.7,0,0,0.4,0.2,Ipswich Town
Sammie Szmodics,IRL,"FW,MF",29,,13,979,10.9,4,0,3.4,0.2,Ipswich Town
Luke Woolfenden,ENG,DF,26,,12,1187,13.2,0,0,0.0,0.0,Ipswich Town
Alex Palmer,ENG,GK,28,,12,1080,12.0,0,0,0.0,0.0,Ipswich Town
Wes Burns,WAL,"FW,DF",30,,12,926,10.3,0,1,0.5,1.6,Ipswich Town
Jack Clarke,ENG,"FW,MF",24,,11,1090,12.1,0,4,1.0,2.1,Ipswich Town
Julio Enciso,PAR,"FW,MF",21,,11,799,8.9,2,3,1.5,1.3,Ipswich Town
Conor Chaplin,ENG,"MF,FW",28,,9,768,8.5,1,1,1.2,0.7,Ipswich Town
Nathan Broadhead,WAL,"MF,FW",27,,6,605,6.7,1,0,1.5,0.6,Ipswich Town
Christian Walton,ENG,GK,29,,6,540,6.0,0,0,0.0,0.0,Ipswich Town
Jaden Philogene Bidace,ENG,"FW,DF",23,,5,474,5.3,2,0,2.0,0.2,Ipswich Town
Jack Taylor,IRL,MF,26,,4,827,9.2,1,0,0.7,0.5,Ipswich Town
Harry Clarke,ENG,DF,24,,4,379,4.2,0,0,0.1,0.0,Ipswich Town
George Hirst,SCO,FW,26,,3,522,5.8,3,1,1.9,0.3,Ipswich Town
Conor Townsend,ENG,DF,32,,3,335,3.7,0,1,0.0,0.7,Ipswich Town
Chiedozie Ogbene,IRL,FW,28,,3,238,2.6,0,0,0.0,0.1,Ipswich Town
Massimo Luongo,AUS,MF,32,,2,196,2.2,0,0,0.0,0.0,Ipswich Town
Ben Godfrey,ENG,DF,27,,2,159,1.8,0,0,0.0,0.0,Ipswich Town
Ali Al Hamadi,IRQ,FW,23,,0,134,1.5,0,0,0.4,0.1,Ipswich Town
Marcus Harness,ENG,MF,29,,0,45,0.5,0,0,0.0,0.0,Ipswich Town
George Edmundson,ENG,DF,27,,0,2,0.0,0,0,0.0,0.0,Ipswich Town
Somto Boniface,ENG,DF,19,,0,,,,,,,Ipswich Town
Cieran Slicker,SCO,GK,22,,0,,,,,,,Ipswich Town
Tom Taylor,,MF,,,0,,,,,,,Ipswich Town
Jamie Vardy,ENG,FW,38,34,34,2744,30.5,8,4,10.7,3.0,Leicester City
James Justin,ENG,DF,27,34,32,2759,30.7,2,1,1.5,0.6,Leicester City
Wout Faes,BEL,DF,27,32,28,2635,29.3,1,0,1.5,0.1,Leicester City
Victor Bernth Kristiansen,DEN,DF,22,29,28,2394,26.6,0,1,0.3,1.4,Leicester City
Mads Hermansen,DEN,GK,24,27,27,2385,26.5,0,0,0.0,0.0,Leicester City
Wilfred Ndidi,NGA,MF,28,27,27,2237,24.9,0,4,2.0,1.9,Leicester City
Bilal El Khannouss,MAR,MF,21,31,26,2092,23.2,2,3,1.2,4.3,Leicester City
Boubakary Soumaré,FRA,MF,26,29,23,1991,22.1,0,0,0.3,0.4,Leicester City
Harry Winks,ENG,MF,29,22,17,1538,17.1,0,2,0.2,1.2,Leicester City
Conor Coady,ENG,DF,32,20,17,1534,17.0,1,0,0.4,0.1,Leicester City
Jordan Ayew,GHA,"FW,MF",33,28,17,1485,16.5,5,0,3.0,1.0,Leicester City
Stephy Mavididi,ENG,FW,26,30,16,1615,17.9,4,1,1.8,2.6,Leicester City
Jannik Vestergaard,DEN,DF,32,18,16,1391,15.5,0,0,0.1,0.1,Leicester City
Facundo Buonanotte,ARG,"FW,MF",20,30,14,1504,16.7,5,2,3.9,3.1,Leicester City
Caleb Okoli,ITA,DF,23,19,12,1125,12.5,1,0,0.6,0.0,Leicester City
Luke Thomas,ENG,DF,23,12,11,949,10.5,0,0,0.4,0.4,Leicester City
Oliver Skipp,ENG,MF,24,22,9,1055,11.7,0,0,0.2,0.3,Leicester City
Bobby De Cordova-Reid,JAM,FW,32,23,9,744,8.3,1,2,0.8,1.2,Leicester City
Jakub Stolarczyk,POL,GK,24,8,8,720,8.0,0,0,0.0,0.0,Leicester City
Kasey McAteer,IRL,"FW,MF",23,16,7,688,7.6,0,1,0.9,0.7,Leicester City
Abdul Fatawu Issahaku,GHA,FW,21,11,6,579,6.4,0,2,0.4,1.6,Leicester City
Patson Daka,ZAM,"FW,MF",26,21,5,654,7.3,1,0,1.3,0.1,Leicester City
Ricardo Pereira,POR,DF,31,8,4,342,3.8,0,0,0.1,0.0,Leicester City
Danny Ward,WAL,GK,31,2,1,135,1.5,0,0,0.0,0.0,Leicester City
Hamza Choudhury,BAN,"MF,DF",27,4,1,131,1.5,0,0,0.0,0.4,Leicester City
Woyo Coulibaly,FRA,DF,25,4,1,109,1.2,0,0,0.0,0.0,Leicester City
Jeremy Monga,,"FW,MF",,5,0,66,0.7,0,0,0.1,0.0,Leicester City
Odsonne Édouard,FRA,FW,27,4,0,29,0.3,0,0,0.0,0.0,Leicester City
Jake Evans,,FW,,2,0,8,0.1,0,0,0.0,0.0,Leicester City
Will Alves,ENG,FW,20,1,0,1,0.0,0,0,0.0,0.0,Leicester City
Michael Golding,ENG,MF,18,1,0,1,0.0,0,0,0.0,0.0,Leicester City
Olabade Aluko,,MF,,0,0,,,,,,,Leicester City
Thomas Cannon,IRL,FW,22,0,0,,,,,,,Leicester City
Henry Cartwright,ENG,MF,20,0,0,,,,,,,Leicester City
Daniel Iversen,DEN,GK,27,0,0,,,,,,,Leicester City
Benjamin Nelson,ENG,DF,21,0,0,,,,,,,Leicester City
Thomas Wilson-Brown,ENG,MF,20,0,0,,,,,,,Leicester City
Kyle Walker-Peters,ENG,DF,28,33,33,2918,32.4,0,2,0.8,2.8,Southampton
Mateus Fernandes,POR,MF,20,34,32,2729,30.3,2,3,3.8,2.6,Southampton
Taylor Harwood-Bellis,ENG,DF,23,33,31,2744,30.5,1,0,1.8,1.0,Southampton
Jan Bednarek,POL,DF,29,30,30,2531,28.1,2,0,0.7,0.5,Southampton
Aaron Ramsdale,ENG,GK,27,28,28,2520,28.0,0,0,0.0,0.0,Southampton
Flynn Downes,ENG,MF,26,25,23,1971,21.9,1,0,0.6,1.1,Southampton
Joe Aribo,NGA,"MF,DF",28,31,20,1954,21.7,3,0,2.7,1.6,Southampton
Tyler Dibling,ENG,"FW,MF",19,32,19,1807,20.1,2,0,2.5,1.5,Southampton
Ryan Manning,IRL,"DF,MF",28,24,18,1462,16.2,0,1,0.3,3.2,Southampton
Lesley Ugochukwu,FRA,MF,21,25,17,1570,17.4,1,1,0.9,1.0,Southampton
Jack Stephens,ENG,DF,31,18,16,1299,14.4,1,0,0.6,0.2,Southampton
Yukinari Sugawara,JPN,"DF,MF",24,29,15,1467,16.3,1,1,0.5,2.2,Southampton
Kamaldeen Sulemana,GHA,"FW,MF",23,24,15,1265,14.1,1,1,1.4,1.0,Southampton
Adam Armstrong,ENG,"FW,MF",28,20,15,1248,13.9,2,2,3.3,1.2,Southampton
Cameron Archer,ENG,FW,23,33,13,1398,15.5,2,0,5.1,0.4,Southampton
James Bree,ENG,DF,27,16,12,985,10.9,0,1,0.1,0.9,Southampton
Paul Onuachu,NGA,FW,30,24,11,1029,11.4,4,1,3.6,0.5,Southampton
Nathan Wood-Gordon,ENG,DF,22,9,7,624,6.9,0,0,0.2,0.0,Southampton
William Smallbone,IRL,MF,25,16,6,647,7.2,1,0,0.4,0.6,Southampton
Alex McCarthy,ENG,GK,35,5,5,450,5.0,0,0,0.0,0.0,Southampton
Adam Lallana,ENG,MF,37,14,5,361,4.0,0,2,0.2,0.9,Southampton
Ben Brereton,CHI,FW,26,10,4,449,5.0,0,0,0.9,0.1,Southampton
Ryan Fraser,SCO,"FW,DF",31,8,4,306,3.4,0,0,0.0,0.1,Southampton
Welington,BRA,"DF,MF",24,8,4,302,3.4,0,0,0.0,0.1,Southampton
Ross Stewart,SCO,FW,28,10,3,289,3.2,0,0,0.3,0.0,Southampton
Joe Lumley,ENG,GK,30,3,3,270,3.0,0,0,0.0,0.0,Southampton
Armel Bella Kotchap,GER,DF,23,4,2,331,3.7,0,0,0.3,0.0,Southampton
Charlie Taylor,ENG,DF,31,7,2,266,3.0,0,0,0.0,0.1,Southampton
Albert Grønbaek,DEN,"FW,MF",23,4,2,143,1.6,0,0,0.1,0.0,Southampton
Maxwel Cornet,CIV,FW,28,2,1,72,0.8,0,0,0.2,0.0,Southampton
Samuel Edozie,ENG,"DF,FW",22,2,0,65,0.7,0,0,0.0,0.1,Southampton
Jay Robinson,ENG,"MF,FW",18,2,0,36,0.4,0,0,0.0,0.0,Southampton
Samuel Amo-Ameyaw,ENG,"FW,DF",18,2,0,28,0.3,0,0,0.0,0.1,Southampton
Ronnie Edwards,ENG,DF,22,1,0,12,0.1,0,0,0.0,0.0,Southampton
Carlos Alcaraz,ARG,MF,22,1,0,10,0.1,0,0,0.1,0.1,Southampton
Joe O'Brien-Whitmarsh,IRL,FW,,0,0,,,,,,,Southampton
